789669695766929409,8773aaa8badf887f0702db4c5c8fe1e45ff82e35ce867539fd26e9dbf804b27f,Trump,Negative
801219093907050496,8773aaa8badf887f0702db4c5c8fe1e45ff82e35ce867539fd26e9dbf804b27f,Trump,Positive
847725352742821889,8773aaa8badf887f0702db4c5c8fe1e45ff82e35ce867539fd26e9dbf804b27f,Trump,Negative
845816449671286786,8773aaa8badf887f0702db4c5c8fe1e45ff82e35ce867539fd26e9dbf804b27f,Trump,Positive
820304480487043072,8773aaa8badf887f0702db4c5c8fe1e45ff82e35ce867539fd26e9dbf804b27f,Trump,Positive
848817618152763392,8773aaa8badf887f0702db4c5c8fe1e45ff82e35ce867539fd26e9dbf804b27f,Trump,Positive
889431581399691264,8773aaa8badf887f0702db4c5c8fe1e45ff82e35ce867539fd26e9dbf804b27f,Trump,Negative
819486135634247680,8773aaa8badf887f0702db4c5c8fe1e45ff82e35ce867539fd26e9dbf804b27f,Trump,Negative
790670012268904449,8773aaa8badf887f0702db4c5c8fe1e45ff82e35ce867539fd26e9dbf804b27f,Trump,Neutral
894430641160376320,8773aaa8badf887f0702db4c5c8fe1e45ff82e35ce867539fd26e9dbf804b27f,Trump,Negative
842724083309690881,8773aaa8badf887f0702db4c5c8fe1e45ff82e35ce867539fd26e9dbf804b27f,Trump,Positive
710296608013983744,8773aaa8badf887f0702db4c5c8fe1e45ff82e35ce867539fd26e9dbf804b27f,Trump,Positive
825759780966952961,8773aaa8badf887f0702db4c5c8fe1e45ff82e35ce867539fd26e9dbf804b27f,Trump,Negative
819304547747237889,8773aaa8badf887f0702db4c5c8fe1e45ff82e35ce867539fd26e9dbf804b27f,Trump,Positive
819940390543491073,8773aaa8badf887f0702db4c5c8fe1e45ff82e35ce867539fd26e9dbf804b27f,Trump,Negative
834723982251347968,8773aaa8badf887f0702db4c5c8fe1e45ff82e35ce867539fd26e9dbf804b27f,Trump,Neutral
804315544333729792,8773aaa8badf887f0702db4c5c8fe1e45ff82e35ce867539fd26e9dbf804b27f,Clinton,Negative
745305901578461184,8773aaa8badf887f0702db4c5c8fe1e45ff82e35ce867539fd26e9dbf804b27f,Trump,Negative
801493599766675456,8773aaa8badf887f0702db4c5c8fe1e45ff82e35ce867539fd26e9dbf804b27f,Trump,Positive
893247977619378176,8773aaa8badf887f0702db4c5c8fe1e45ff82e35ce867539fd26e9dbf804b27f,Trump,Negative
701236243212984321,8773aaa8badf887f0702db4c5c8fe1e45ff82e35ce867539fd26e9dbf804b27f,Trump,Negative
835359972707995648,8773aaa8badf887f0702db4c5c8fe1e45ff82e35ce867539fd26e9dbf804b27f,Trump,Positive
844633967034798080,8773aaa8badf887f0702db4c5c8fe1e45ff82e35ce867539fd26e9dbf804b27f,Trump,Positive
766674367946326017,8773aaa8badf887f0702db4c5c8fe1e45ff82e35ce867539fd26e9dbf804b27f,Trump,Negative
742406425868111872,8773aaa8badf887f0702db4c5c8fe1e45ff82e35ce867539fd26e9dbf804b27f,Clinton,Positive
820395172823519232,8773aaa8badf887f0702db4c5c8fe1e45ff82e35ce867539fd26e9dbf804b27f,Trump,Positive
828047058162573313,8773aaa8badf887f0702db4c5c8fe1e45ff82e35ce867539fd26e9dbf804b27f,Trump,Positive
841814795800190977,8773aaa8badf887f0702db4c5c8fe1e45ff82e35ce867539fd26e9dbf804b27f,Trump,Positive
742406350685278208,8773aaa8badf887f0702db4c5c8fe1e45ff82e35ce867539fd26e9dbf804b27f,Trump,Positive
846543706673041408,8773aaa8badf887f0702db4c5c8fe1e45ff82e35ce867539fd26e9dbf804b27f,Trump,Neutral
803497337557569536,8773aaa8badf887f0702db4c5c8fe1e45ff82e35ce867539fd26e9dbf804b27f,Clinton,Negative
853455503288143872,8773aaa8badf887f0702db4c5c8fe1e45ff82e35ce867539fd26e9dbf804b27f,Trump,Negative
736597579451015168,8773aaa8badf887f0702db4c5c8fe1e45ff82e35ce867539fd26e9dbf804b27f,Trump,Neutral
796398324731375617,8773aaa8badf887f0702db4c5c8fe1e45ff82e35ce867539fd26e9dbf804b27f,Trump,Neutral
820304439789531139,8773aaa8badf887f0702db4c5c8fe1e45ff82e35ce867539fd26e9dbf804b27f,Trump,Negative
824942431783231488,8773aaa8badf887f0702db4c5c8fe1e45ff82e35ce867539fd26e9dbf804b27f,Trump,Positive
843270465506463747,8773aaa8badf887f0702db4c5c8fe1e45ff82e35ce867539fd26e9dbf804b27f,Trump,Positive
736220318394634240,8773aaa8badf887f0702db4c5c8fe1e45ff82e35ce867539fd26e9dbf804b27f,Trump,Neutral
800764567026601984,8773aaa8badf887f0702db4c5c8fe1e45ff82e35ce867539fd26e9dbf804b27f,Trump,Negative
768092378985005056,8773aaa8badf887f0702db4c5c8fe1e45ff82e35ce867539fd26e9dbf804b27f,Trump,Negative
800037205913767937,8773aaa8badf887f0702db4c5c8fe1e45ff82e35ce867539fd26e9dbf804b27f,Trump,Positive
795943338474172416,8773aaa8badf887f0702db4c5c8fe1e45ff82e35ce867539fd26e9dbf804b27f,Trump,Negative
893247889375461376,8773aaa8badf887f0702db4c5c8fe1e45ff82e35ce867539fd26e9dbf804b27f,Trump,Negative
830138327214985218,8773aaa8badf887f0702db4c5c8fe1e45ff82e35ce867539fd26e9dbf804b27f,Trump,Positive
814074611906334720,8773aaa8badf887f0702db4c5c8fe1e45ff82e35ce867539fd26e9dbf804b27f,Trump,Positive
795488899653103616,8773aaa8badf887f0702db4c5c8fe1e45ff82e35ce867539fd26e9dbf804b27f,Trump,Negative
820121880912859140,8773aaa8badf887f0702db4c5c8fe1e45ff82e35ce867539fd26e9dbf804b27f,Trump,Positive
806606016603455489,8773aaa8badf887f0702db4c5c8fe1e45ff82e35ce867539fd26e9dbf804b27f,Trump,Negative
811981225275650048,8773aaa8badf887f0702db4c5c8fe1e45ff82e35ce867539fd26e9dbf804b27f,Trump,Negative
888886490419298304,8773aaa8badf887f0702db4c5c8fe1e45ff82e35ce867539fd26e9dbf804b27f,Trump,Neutral
842360449345683456,8773aaa8badf887f0702db4c5c8fe1e45ff82e35ce867539fd26e9dbf804b27f,Trump,Negative
830047536400494592,8773aaa8badf887f0702db4c5c8fe1e45ff82e35ce867539fd26e9dbf804b27f,Trump,Negative
807978398119301120,8773aaa8badf887f0702db4c5c8fe1e45ff82e35ce867539fd26e9dbf804b27f,Trump,Negative
797671868912246785,8773aaa8badf887f0702db4c5c8fe1e45ff82e35ce867539fd26e9dbf804b27f,Trump,Positive
884428417835433985,8773aaa8badf887f0702db4c5c8fe1e45ff82e35ce867539fd26e9dbf804b27f,Clinton,Neutral
853546521064857601,8773aaa8badf887f0702db4c5c8fe1e45ff82e35ce867539fd26e9dbf804b27f,Trump,Negative
787579578663464961,8773aaa8badf887f0702db4c5c8fe1e45ff82e35ce867539fd26e9dbf804b27f,Trump,Negative
828774992838062081,8773aaa8badf887f0702db4c5c8fe1e45ff82e35ce867539fd26e9dbf804b27f,Trump,Neutral
795310288337858560,8773aaa8badf887f0702db4c5c8fe1e45ff82e35ce867539fd26e9dbf804b27f,Trump,Positive
824760289820307457,8773aaa8badf887f0702db4c5c8fe1e45ff82e35ce867539fd26e9dbf804b27f,Trump,Neutral
620398782669172736,8773aaa8badf887f0702db4c5c8fe1e45ff82e35ce867539fd26e9dbf804b27f,Trump,Negative
823031849165406208,8773aaa8badf887f0702db4c5c8fe1e45ff82e35ce867539fd26e9dbf804b27f,Trump,Positive
825123704241807361,8773aaa8badf887f0702db4c5c8fe1e45ff82e35ce867539fd26e9dbf804b27f,Trump,Positive
734782606772932612,8773aaa8badf887f0702db4c5c8fe1e45ff82e35ce867539fd26e9dbf804b27f,Trump,Neutral
799400299991547905,8773aaa8badf887f0702db4c5c8fe1e45ff82e35ce867539fd26e9dbf804b27f,Trump,Positive
842360427187187712,8773aaa8badf887f0702db4c5c8fe1e45ff82e35ce867539fd26e9dbf804b27f,Trump,Negative
838086822634872834,8773aaa8badf887f0702db4c5c8fe1e45ff82e35ce867539fd26e9dbf804b27f,Trump,Positive
840359555133558785,8773aaa8badf887f0702db4c5c8fe1e45ff82e35ce867539fd26e9dbf804b27f,Trump,Negative
795398350451462144,8773aaa8badf887f0702db4c5c8fe1e45ff82e35ce867539fd26e9dbf804b27f,Trump,Neutral
842269591497777152,8773aaa8badf887f0702db4c5c8fe1e45ff82e35ce867539fd26e9dbf804b27f,Trump,Positive
816257905062191104,8773aaa8badf887f0702db4c5c8fe1e45ff82e35ce867539fd26e9dbf804b27f,Trump,Neutral
809615840601665536,8773aaa8badf887f0702db4c5c8fe1e45ff82e35ce867539fd26e9dbf804b27f,Trump,Positive
620399208089006080,8773aaa8badf887f0702db4c5c8fe1e45ff82e35ce867539fd26e9dbf804b27f,Trump,Negative
890340786088415233,8773aaa8badf887f0702db4c5c8fe1e45ff82e35ce867539fd26e9dbf804b27f,Trump,Positive
825123662357463042,8773aaa8badf887f0702db4c5c8fe1e45ff82e35ce867539fd26e9dbf804b27f,Trump,Negative
808887636299485184,8773aaa8badf887f0702db4c5c8fe1e45ff82e35ce867539fd26e9dbf804b27f,Trump,Positive
820758811858399233,8773aaa8badf887f0702db4c5c8fe1e45ff82e35ce867539fd26e9dbf804b27f,Trump,Negative
818352169594273792,8773aaa8badf887f0702db4c5c8fe1e45ff82e35ce867539fd26e9dbf804b27f,Trump,Positive
794579261126479872,8773aaa8badf887f0702db4c5c8fe1e45ff82e35ce867539fd26e9dbf804b27f,Trump,Positive
843179490369028097,8773aaa8badf887f0702db4c5c8fe1e45ff82e35ce867539fd26e9dbf804b27f,Trump,Positive
826396537664184322,8773aaa8badf887f0702db4c5c8fe1e45ff82e35ce867539fd26e9dbf804b27f,Trump,Negative
824305643104432129,8773aaa8badf887f0702db4c5c8fe1e45ff82e35ce867539fd26e9dbf804b27f,Trump,Negative
844815632759644160,8773aaa8badf887f0702db4c5c8fe1e45ff82e35ce867539fd26e9dbf804b27f,Trump,Neutral
827487740530946049,8773aaa8badf887f0702db4c5c8fe1e45ff82e35ce867539fd26e9dbf804b27f,Trump,Positive
829411228795678721,8773aaa8badf887f0702db4c5c8fe1e45ff82e35ce867539fd26e9dbf804b27f,Trump,Positive
823668736389419012,8773aaa8badf887f0702db4c5c8fe1e45ff82e35ce867539fd26e9dbf804b27f,Trump,Neutral
726435979565867008,8773aaa8badf887f0702db4c5c8fe1e45ff82e35ce867539fd26e9dbf804b27f,Trump,Positive
846362015438385152,8773aaa8badf887f0702db4c5c8fe1e45ff82e35ce867539fd26e9dbf804b27f,Trump,Positive
845907471814266880,8773aaa8badf887f0702db4c5c8fe1e45ff82e35ce867539fd26e9dbf804b27f,Trump,Positive
816895605930938368,8773aaa8badf887f0702db4c5c8fe1e45ff82e35ce867539fd26e9dbf804b27f,Trump,Positive
841268819305910274,8773aaa8badf887f0702db4c5c8fe1e45ff82e35ce867539fd26e9dbf804b27f,Trump,Negative
796125082775130113,8773aaa8badf887f0702db4c5c8fe1e45ff82e35ce867539fd26e9dbf804b27f,Trump,Positive
834723935832903681,8773aaa8badf887f0702db4c5c8fe1e45ff82e35ce867539fd26e9dbf804b27f,Trump,Negative
842360470891839488,8773aaa8badf887f0702db4c5c8fe1e45ff82e35ce867539fd26e9dbf804b27f,Trump,Neutral
784006657038770176,8773aaa8badf887f0702db4c5c8fe1e45ff82e35ce867539fd26e9dbf804b27f,Trump,Positive
824942501547085824,8773aaa8badf887f0702db4c5c8fe1e45ff82e35ce867539fd26e9dbf804b27f,Trump,Negative
850819447950540800,8773aaa8badf887f0702db4c5c8fe1e45ff82e35ce867539fd26e9dbf804b27f,Trump,Positive
729356048025329664,8773aaa8badf887f0702db4c5c8fe1e45ff82e35ce867539fd26e9dbf804b27f,Trump,Positive
836548018195345411,8773aaa8badf887f0702db4c5c8fe1e45ff82e35ce867539fd26e9dbf804b27f,Trump,Negative
759681581078446080,8773aaa8badf887f0702db4c5c8fe1e45ff82e35ce867539fd26e9dbf804b27f,Trump,Positive
744940662106238976,8773aaa8badf887f0702db4c5c8fe1e45ff82e35ce867539fd26e9dbf804b27f,Clinton,Positive
831722919969554432,8773aaa8badf887f0702db4c5c8fe1e45ff82e35ce867539fd26e9dbf804b27f,Trump,Negative
816530787432628224,8773aaa8badf887f0702db4c5c8fe1e45ff82e35ce867539fd26e9dbf804b27f,Trump,Positive
759682157900169216,8773aaa8badf887f0702db4c5c8fe1e45ff82e35ce867539fd26e9dbf804b27f,Trump,Neutral
796489799557382144,8773aaa8badf887f0702db4c5c8fe1e45ff82e35ce867539fd26e9dbf804b27f,Trump,Positive
738010832735469568,8773aaa8badf887f0702db4c5c8fe1e45ff82e35ce867539fd26e9dbf804b27f,Clinton,Neutral
796125063170945025,8773aaa8badf887f0702db4c5c8fe1e45ff82e35ce867539fd26e9dbf804b27f,Trump,Negative
859786778282262529,8773aaa8badf887f0702db4c5c8fe1e45ff82e35ce867539fd26e9dbf804b27f,Trump,Neutral
827487698113921024,8773aaa8badf887f0702db4c5c8fe1e45ff82e35ce867539fd26e9dbf804b27f,Trump,Negative
788124427074535424,8773aaa8badf887f0702db4c5c8fe1e45ff82e35ce867539fd26e9dbf804b27f,Trump,Negative
727908130944864256,8773aaa8badf887f0702db4c5c8fe1e45ff82e35ce867539fd26e9dbf804b27f,Trump,Negative
845452977716514821,8773aaa8badf887f0702db4c5c8fe1e45ff82e35ce867539fd26e9dbf804b27f,Trump,Negative
811162308776984576,8773aaa8badf887f0702db4c5c8fe1e45ff82e35ce867539fd26e9dbf804b27f,Trump,Negative
892339478475440128,8773aaa8badf887f0702db4c5c8fe1e45ff82e35ce867539fd26e9dbf804b27f,Trump,Neutral
807428363346477056,8773aaa8badf887f0702db4c5c8fe1e45ff82e35ce867539fd26e9dbf804b27f,Trump,Neutral
795398290871353346,8773aaa8badf887f0702db4c5c8fe1e45ff82e35ce867539fd26e9dbf804b27f,Trump,Neutral
800309775913418752,8773aaa8badf887f0702db4c5c8fe1e45ff82e35ce867539fd26e9dbf804b27f,Trump,Negative
787397596012773376,8773aaa8badf887f0702db4c5c8fe1e45ff82e35ce867539fd26e9dbf804b27f,Trump,Neutral
786398045298536452,8773aaa8badf887f0702db4c5c8fe1e45ff82e35ce867539fd26e9dbf804b27f,Trump,Neutral
825396234387070976,8773aaa8badf887f0702db4c5c8fe1e45ff82e35ce867539fd26e9dbf804b27f,Trump,Neutral
676159259474694144,8773aaa8badf887f0702db4c5c8fe1e45ff82e35ce867539fd26e9dbf804b27f,Trump,Neutral
800673734403194880,8773aaa8badf887f0702db4c5c8fe1e45ff82e35ce867539fd26e9dbf804b27f,Trump,Positive
784003290719784960,8773aaa8badf887f0702db4c5c8fe1e45ff82e35ce867539fd26e9dbf804b27f,Trump,Positive
885976419523862528,8773aaa8badf887f0702db4c5c8fe1e45ff82e35ce867539fd26e9dbf804b27f,Trump,Positive
884519237406142464,8773aaa8badf887f0702db4c5c8fe1e45ff82e35ce867539fd26e9dbf804b27f,Trump,Negative
832724375086313473,8773aaa8badf887f0702db4c5c8fe1e45ff82e35ce867539fd26e9dbf804b27f,Trump,Neutral
884155689140187137,8773aaa8badf887f0702db4c5c8fe1e45ff82e35ce867539fd26e9dbf804b27f,Trump,Negative
806606043740569606,8773aaa8badf887f0702db4c5c8fe1e45ff82e35ce867539fd26e9dbf804b27f,Trump,Positive
802769073096507392,8773aaa8badf887f0702db4c5c8fe1e45ff82e35ce867539fd26e9dbf804b27f,Trump,Negative
825669028492484608,8773aaa8badf887f0702db4c5c8fe1e45ff82e35ce867539fd26e9dbf804b27f,Trump,Negative
771402192322519040,8773aaa8badf887f0702db4c5c8fe1e45ff82e35ce867539fd26e9dbf804b27f,Trump,Positive
822576762840350720,8773aaa8badf887f0702db4c5c8fe1e45ff82e35ce867539fd26e9dbf804b27f,Trump,Positive
813436579259777024,8773aaa8badf887f0702db4c5c8fe1e45ff82e35ce867539fd26e9dbf804b27f,Trump,Positive
828774951511539712,8773aaa8badf887f0702db4c5c8fe1e45ff82e35ce867539fd26e9dbf804b27f,Trump,Negative
620398997589463042,8773aaa8badf887f0702db4c5c8fe1e45ff82e35ce867539fd26e9dbf804b27f,Trump,Positive
807522384337108992,8773aaa8badf887f0702db4c5c8fe1e45ff82e35ce867539fd26e9dbf804b27f,Trump,Negative
826487275399872518,8773aaa8badf887f0702db4c5c8fe1e45ff82e35ce867539fd26e9dbf804b27f,Trump,Positive
788942125064945664,8773aaa8badf887f0702db4c5c8fe1e45ff82e35ce867539fd26e9dbf804b27f,Trump,Positive
825577843769929728,8773aaa8badf887f0702db4c5c8fe1e45ff82e35ce867539fd26e9dbf804b27f,Trump,Negative
788487789558042624,8773aaa8badf887f0702db4c5c8fe1e45ff82e35ce867539fd26e9dbf804b27f,Trump,Negative
830047515852554240,8773aaa8badf887f0702db4c5c8fe1e45ff82e35ce867539fd26e9dbf804b27f,Trump,Neutral
841087271927463936,8773aaa8badf887f0702db4c5c8fe1e45ff82e35ce867539fd26e9dbf804b27f,Trump,Neutral
843906930393473024,8773aaa8badf887f0702db4c5c8fe1e45ff82e35ce867539fd26e9dbf804b27f,Trump,Negative
800218948583223297,8773aaa8badf887f0702db4c5c8fe1e45ff82e35ce867539fd26e9dbf804b27f,Trump,Negative
785943572113567745,8773aaa8badf887f0702db4c5c8fe1e45ff82e35ce867539fd26e9dbf804b27f,Trump,Negative
893338796691001344,8773aaa8badf887f0702db4c5c8fe1e45ff82e35ce867539fd26e9dbf804b27f,Trump,Positive
851819482989420545,8773aaa8badf887f0702db4c5c8fe1e45ff82e35ce867539fd26e9dbf804b27f,Trump,Negative
828956724304498688,8773aaa8badf887f0702db4c5c8fe1e45ff82e35ce867539fd26e9dbf804b27f,Trump,Negative
813164098770894849,8773aaa8badf887f0702db4c5c8fe1e45ff82e35ce867539fd26e9dbf804b27f,Trump,Neutral
825214130143502336,8773aaa8badf887f0702db4c5c8fe1e45ff82e35ce867539fd26e9dbf804b27f,Trump,Positive
786670906118725632,8773aaa8badf887f0702db4c5c8fe1e45ff82e35ce867539fd26e9dbf804b27f,Trump,Negative
620399185037099008,8773aaa8badf887f0702db4c5c8fe1e45ff82e35ce867539fd26e9dbf804b27f,Trump,Negative
838541117268373505,8773aaa8badf887f0702db4c5c8fe1e45ff82e35ce867539fd26e9dbf804b27f,Trump,Neutral
740550594344157184,8773aaa8badf887f0702db4c5c8fe1e45ff82e35ce867539fd26e9dbf804b27f,Trump,Positive
818486644181504002,8773aaa8badf887f0702db4c5c8fe1e45ff82e35ce867539fd26e9dbf804b27f,Trump,Negative
791488169757769728,8773aaa8badf887f0702db4c5c8fe1e45ff82e35ce867539fd26e9dbf804b27f,Trump,Positive
800764503151345664,8773aaa8badf887f0702db4c5c8fe1e45ff82e35ce867539fd26e9dbf804b27f,Trump,Negative
807428403100061696,8773aaa8badf887f0702db4c5c8fe1e45ff82e35ce867539fd26e9dbf804b27f,Trump,Positive
848180136654639106,8773aaa8badf887f0702db4c5c8fe1e45ff82e35ce867539fd26e9dbf804b27f,Trump,Positive
806058947849453568,8773aaa8badf887f0702db4c5c8fe1e45ff82e35ce867539fd26e9dbf804b27f,Trump,Negative
853273789282607105,8773aaa8badf887f0702db4c5c8fe1e45ff82e35ce867539fd26e9dbf804b27f,Trump,Neutral
851273860410253315,8773aaa8badf887f0702db4c5c8fe1e45ff82e35ce867539fd26e9dbf804b27f,Trump,Negative
819577065762680834,8773aaa8badf887f0702db4c5c8fe1e45ff82e35ce867539fd26e9dbf804b27f,Trump,Neutral
785307544088477696,8773aaa8badf887f0702db4c5c8fe1e45ff82e35ce867539fd26e9dbf804b27f,Trump,Positive
789942534151802880,8773aaa8badf887f0702db4c5c8fe1e45ff82e35ce867539fd26e9dbf804b27f,Trump,Negative
826942424975024128,8773aaa8badf887f0702db4c5c8fe1e45ff82e35ce867539fd26e9dbf804b27f,Trump,Positive
825214149185650688,8773aaa8badf887f0702db4c5c8fe1e45ff82e35ce867539fd26e9dbf804b27f,Trump,Positive
826033086366359552,8773aaa8badf887f0702db4c5c8fe1e45ff82e35ce867539fd26e9dbf804b27f,Trump,Negative
797399156784562176,8773aaa8badf887f0702db4c5c8fe1e45ff82e35ce867539fd26e9dbf804b27f,Trump,Negative
833634239719546880,8773aaa8badf887f0702db4c5c8fe1e45ff82e35ce867539fd26e9dbf804b27f,Trump,Negative
796398263184293890,8773aaa8badf887f0702db4c5c8fe1e45ff82e35ce867539fd26e9dbf804b27f,Trump,Positive
827305813203099649,8773aaa8badf887f0702db4c5c8fe1e45ff82e35ce867539fd26e9dbf804b27f,Trump,Positive
835906094736211968,8773aaa8badf887f0702db4c5c8fe1e45ff82e35ce867539fd26e9dbf804b27f,Trump,Negative
699775003558973440,8773aaa8badf887f0702db4c5c8fe1e45ff82e35ce867539fd26e9dbf804b27f,Trump,Positive
859331461668884481,8773aaa8badf887f0702db4c5c8fe1e45ff82e35ce867539fd26e9dbf804b27f,Trump,Positive
796307689076887552,8773aaa8badf887f0702db4c5c8fe1e45ff82e35ce867539fd26e9dbf804b27f,Trump,Neutral
793851734053584897,8773aaa8badf887f0702db4c5c8fe1e45ff82e35ce867539fd26e9dbf804b27f,Trump,Positive
784853217091973120,8773aaa8badf887f0702db4c5c8fe1e45ff82e35ce867539fd26e9dbf804b27f,Trump,Negative
784110103339405312,8773aaa8badf887f0702db4c5c8fe1e45ff82e35ce867539fd26e9dbf804b27f,Trump,Negative
798400026129158144,8773aaa8badf887f0702db4c5c8fe1e45ff82e35ce867539fd26e9dbf804b27f,Trump,Negative
788942084535382016,8773aaa8badf887f0702db4c5c8fe1e45ff82e35ce867539fd26e9dbf804b27f,Trump,Negative
886976469146140672,8773aaa8badf887f0702db4c5c8fe1e45ff82e35ce867539fd26e9dbf804b27f,Trump,Positive
892157958016172032,8773aaa8badf887f0702db4c5c8fe1e45ff82e35ce867539fd26e9dbf804b27f,Trump,Negative
784113219174490113,8773aaa8badf887f0702db4c5c8fe1e45ff82e35ce867539fd26e9dbf804b27f,Trump,Negative
838177643535208449,8773aaa8badf887f0702db4c5c8fe1e45ff82e35ce867539fd26e9dbf804b27f,Trump,Positive
798854438760783872,8773aaa8badf887f0702db4c5c8fe1e45ff82e35ce867539fd26e9dbf804b27f,Trump,Negative
794124706462973952,8773aaa8badf887f0702db4c5c8fe1e45ff82e35ce867539fd26e9dbf804b27f,Trump,Negative
838723327317389313,8773aaa8badf887f0702db4c5c8fe1e45ff82e35ce867539fd26e9dbf804b27f,Trump,Negative
833542676150624256,8773aaa8badf887f0702db4c5c8fe1e45ff82e35ce867539fd26e9dbf804b27f,Trump,Negative
799582207564218368,8773aaa8badf887f0702db4c5c8fe1e45ff82e35ce867539fd26e9dbf804b27f,Trump,Neutral
748213926542737408,8773aaa8badf887f0702db4c5c8fe1e45ff82e35ce867539fd26e9dbf804b27f,Trump,Neutral
853637555958493185,8773aaa8badf887f0702db4c5c8fe1e45ff82e35ce867539fd26e9dbf804b27f,Trump,Negative
799855557201031168,8773aaa8badf887f0702db4c5c8fe1e45ff82e35ce867539fd26e9dbf804b27f,Trump,Positive
821848704302850048,8773aaa8badf887f0702db4c5c8fe1e45ff82e35ce867539fd26e9dbf804b27f,Trump,Negative
841268883881381890,8773aaa8badf887f0702db4c5c8fe1e45ff82e35ce867539fd26e9dbf804b27f,Trump,Neutral
795761596165484544,8773aaa8badf887f0702db4c5c8fe1e45ff82e35ce867539fd26e9dbf804b27f,Trump,Negative
843725245697744896,8773aaa8badf887f0702db4c5c8fe1e45ff82e35ce867539fd26e9dbf804b27f,Trump,Negative
816348839481315329,8773aaa8badf887f0702db4c5c8fe1e45ff82e35ce867539fd26e9dbf804b27f,Trump,Negative
886249576025423872,8773aaa8badf887f0702db4c5c8fe1e45ff82e35ce867539fd26e9dbf804b27f,Trump,Negative
688616337459957761,8773aaa8badf887f0702db4c5c8fe1e45ff82e35ce867539fd26e9dbf804b27f,Trump,Positive
854274826772545537,8773aaa8badf887f0702db4c5c8fe1e45ff82e35ce867539fd26e9dbf804b27f,Trump,Positive
824942653133438977,8773aaa8badf887f0702db4c5c8fe1e45ff82e35ce867539fd26e9dbf804b27f,Trump,Positive
811344729250140160,8773aaa8badf887f0702db4c5c8fe1e45ff82e35ce867539fd26e9dbf804b27f,Trump,Positive
787397538366316544,8773aaa8badf887f0702db4c5c8fe1e45ff82e35ce867539fd26e9dbf804b27f,Trump,Negative
883700109929836549,8773aaa8badf887f0702db4c5c8fe1e45ff82e35ce867539fd26e9dbf804b27f,Trump,Negative
838086768079613957,8773aaa8badf887f0702db4c5c8fe1e45ff82e35ce867539fd26e9dbf804b27f,Trump,Negative
838177698115641347,8773aaa8badf887f0702db4c5c8fe1e45ff82e35ce867539fd26e9dbf804b27f,Trump,Negative
848635169649176576,8773aaa8badf887f0702db4c5c8fe1e45ff82e35ce867539fd26e9dbf804b27f,Trump,Positive
815257092340744192,8773aaa8badf887f0702db4c5c8fe1e45ff82e35ce867539fd26e9dbf804b27f,Trump,Negative
836996064041451522,8773aaa8badf887f0702db4c5c8fe1e45ff82e35ce867539fd26e9dbf804b27f,Trump,Neutral
822121663340941312,8773aaa8badf887f0702db4c5c8fe1e45ff82e35ce867539fd26e9dbf804b27f,Trump,Positive
856458954259533824,8773aaa8badf887f0702db4c5c8fe1e45ff82e35ce867539fd26e9dbf804b27f,Trump,Positive
620399061846200322,8773aaa8badf887f0702db4c5c8fe1e45ff82e35ce867539fd26e9dbf804b27f,Trump,Negative
789032933914992640,8773aaa8badf887f0702db4c5c8fe1e45ff82e35ce867539fd26e9dbf804b27f,Trump,Neutral
738010803257892864,8773aaa8badf887f0702db4c5c8fe1e45ff82e35ce867539fd26e9dbf804b27f,Trump,Neutral
799855307467919360,8773aaa8badf887f0702db4c5c8fe1e45ff82e35ce867539fd26e9dbf804b27f,Clinton,Negative
826396478897782784,8773aaa8badf887f0702db4c5c8fe1e45ff82e35ce867539fd26e9dbf804b27f,Trump,Negative
845725643635642368,8773aaa8badf887f0702db4c5c8fe1e45ff82e35ce867539fd26e9dbf804b27f,Trump,Positive
827487719672643585,8773aaa8badf887f0702db4c5c8fe1e45ff82e35ce867539fd26e9dbf804b27f,Trump,Neutral
835087601698746368,8773aaa8badf887f0702db4c5c8fe1e45ff82e35ce867539fd26e9dbf804b27f,Trump,Neutral
799855535671611393,8773aaa8badf887f0702db4c5c8fe1e45ff82e35ce867539fd26e9dbf804b27f,Trump,Positive
813164053828960257,8773aaa8badf887f0702db4c5c8fe1e45ff82e35ce867539fd26e9dbf804b27f,Trump,Negative
892066854654574593,8773aaa8badf887f0702db4c5c8fe1e45ff82e35ce867539fd26e9dbf804b27f,Trump,Negative
846180335243186176,8773aaa8badf887f0702db4c5c8fe1e45ff82e35ce867539fd26e9dbf804b27f,Trump,Negative
807428497975152640,8773aaa8badf887f0702db4c5c8fe1e45ff82e35ce867539fd26e9dbf804b27f,Trump,Positive
842269550263599104,8773aaa8badf887f0702db4c5c8fe1e45ff82e35ce867539fd26e9dbf804b27f,Trump,Positive
819486224331247617,8773aaa8badf887f0702db4c5c8fe1e45ff82e35ce867539fd26e9dbf804b27f,Trump,Neutral
791852010412896256,8773aaa8badf887f0702db4c5c8fe1e45ff82e35ce867539fd26e9dbf804b27f,Trump,Positive
796671798599438336,8773aaa8badf887f0702db4c5c8fe1e45ff82e35ce867539fd26e9dbf804b27f,Trump,Negative
831235570617696257,8773aaa8badf887f0702db4c5c8fe1e45ff82e35ce867539fd26e9dbf804b27f,Trump,Positive
709219380173914112,8773aaa8badf887f0702db4c5c8fe1e45ff82e35ce867539fd26e9dbf804b27f,Trump,Positive
798581651911675904,8773aaa8badf887f0702db4c5c8fe1e45ff82e35ce867539fd26e9dbf804b27f,Trump,Negative
821213187995471872,8773aaa8badf887f0702db4c5c8fe1e45ff82e35ce867539fd26e9dbf804b27f,Trump,Negative
708474993957416960,8773aaa8badf887f0702db4c5c8fe1e45ff82e35ce867539fd26e9dbf804b27f,Trump,Negative
839995594521399297,8773aaa8badf887f0702db4c5c8fe1e45ff82e35ce867539fd26e9dbf804b27f,Trump,Positive
815529581700595713,8773aaa8badf887f0702db4c5c8fe1e45ff82e35ce867539fd26e9dbf804b27f,Trump,Negative
838450368300343296,8773aaa8badf887f0702db4c5c8fe1e45ff82e35ce867539fd26e9dbf804b27f,Trump,Positive
847816076666818561,8773aaa8badf887f0702db4c5c8fe1e45ff82e35ce867539fd26e9dbf804b27f,Trump,Negative
827124041890807809,8773aaa8badf887f0702db4c5c8fe1e45ff82e35ce867539fd26e9dbf804b27f,Trump,Negative
728968376303915008,8773aaa8badf887f0702db4c5c8fe1e45ff82e35ce867539fd26e9dbf804b27f,Clinton,Neutral
836819836600741888,8773aaa8badf887f0702db4c5c8fe1e45ff82e35ce867539fd26e9dbf804b27f,Trump,Positive
809979564193644545,8773aaa8badf887f0702db4c5c8fe1e45ff82e35ce867539fd26e9dbf804b27f,Trump,Negative
858604121766711297,8773aaa8badf887f0702db4c5c8fe1e45ff82e35ce867539fd26e9dbf804b27f,Trump,Negative
784671739020062720,8773aaa8badf887f0702db4c5c8fe1e45ff82e35ce867539fd26e9dbf804b27f,Trump,Negative
784671717113212930,8773aaa8badf887f0702db4c5c8fe1e45ff82e35ce867539fd26e9dbf804b27f,Trump,Positive
617481491992346624,8773aaa8badf887f0702db4c5c8fe1e45ff82e35ce867539fd26e9dbf804b27f,Trump,Positive
822121621750169600,8773aaa8badf887f0702db4c5c8fe1e45ff82e35ce867539fd26e9dbf804b27f,Trump,Neutral
784110028064186368,8773aaa8badf887f0702db4c5c8fe1e45ff82e35ce867539fd26e9dbf804b27f,Trump,Positive
824669100194553856,8773aaa8badf887f0702db4c5c8fe1e45ff82e35ce867539fd26e9dbf804b27f,Trump,Negative
795579368705761280,8773aaa8badf887f0702db4c5c8fe1e45ff82e35ce867539fd26e9dbf804b27f,Trump,Positive
710546413600514049,8773aaa8badf887f0702db4c5c8fe1e45ff82e35ce867539fd26e9dbf804b27f,Trump,Positive
794852353375604739,8773aaa8badf887f0702db4c5c8fe1e45ff82e35ce867539fd26e9dbf804b27f,Trump,Positive
828228576923230208,8773aaa8badf887f0702db4c5c8fe1e45ff82e35ce867539fd26e9dbf804b27f,Trump,Negative
799036743668420608,8773aaa8badf887f0702db4c5c8fe1e45ff82e35ce867539fd26e9dbf804b27f,Trump,Negative
785126020072476672,8773aaa8badf887f0702db4c5c8fe1e45ff82e35ce867539fd26e9dbf804b27f,Trump,Neutral
791215794009038848,8773aaa8badf887f0702db4c5c8fe1e45ff82e35ce867539fd26e9dbf804b27f,Trump,Positive
801219325021417472,8773aaa8badf887f0702db4c5c8fe1e45ff82e35ce867539fd26e9dbf804b27f,Clinton,Positive
813802606812426240,8773aaa8badf887f0702db4c5c8fe1e45ff82e35ce867539fd26e9dbf804b27f,Trump,Neutral
803588166682902532,8773aaa8badf887f0702db4c5c8fe1e45ff82e35ce867539fd26e9dbf804b27f,Trump,Positive
