784071776158363648,ef983249ef6ed5de427c4dc19ad6d966c6cf572c2505e44142e7e7261f917ae6,Trump,Positive
852970646690779136,ef983249ef6ed5de427c4dc19ad6d966c6cf572c2505e44142e7e7261f917ae6,Trump,Negative
837165734929235968,ef983249ef6ed5de427c4dc19ad6d966c6cf572c2505e44142e7e7261f917ae6,Trump,Positive
777244403484205056,ef983249ef6ed5de427c4dc19ad6d966c6cf572c2505e44142e7e7261f917ae6,Clinton,Neutral
796119723251482624,ef983249ef6ed5de427c4dc19ad6d966c6cf572c2505e44142e7e7261f917ae6,Trump,Negative
775253432726806528,ef983249ef6ed5de427c4dc19ad6d966c6cf572c2505e44142e7e7261f917ae6,Clinton,Positive
817514974520242176,ef983249ef6ed5de427c4dc19ad6d966c6cf572c2505e44142e7e7261f917ae6,Trump,Positive
694885500021125120,ef983249ef6ed5de427c4dc19ad6d966c6cf572c2505e44142e7e7261f917ae6,Trump,Positive
819801507268685828,ef983249ef6ed5de427c4dc19ad6d966c6cf572c2505e44142e7e7261f917ae6,Trump,Negative
810245607231209472,ef983249ef6ed5de427c4dc19ad6d966c6cf572c2505e44142e7e7261f917ae6,Trump,Positive
784103449336090624,ef983249ef6ed5de427c4dc19ad6d966c6cf572c2505e44142e7e7261f917ae6,Clinton,Positive
813517989291163648,ef983249ef6ed5de427c4dc19ad6d966c6cf572c2505e44142e7e7261f917ae6,Trump,Negative
776886604581384192,ef983249ef6ed5de427c4dc19ad6d966c6cf572c2505e44142e7e7261f917ae6,Trump,Positive
796085404025913345,ef983249ef6ed5de427c4dc19ad6d966c6cf572c2505e44142e7e7261f917ae6,Trump,Positive
855875649667567619,ef983249ef6ed5de427c4dc19ad6d966c6cf572c2505e44142e7e7261f917ae6,Trump,Neutral
843885684247220225,ef983249ef6ed5de427c4dc19ad6d966c6cf572c2505e44142e7e7261f917ae6,Trump,Negative
849699438864068609,ef983249ef6ed5de427c4dc19ad6d966c6cf572c2505e44142e7e7261f917ae6,Trump,Negative
781584079019999233,ef983249ef6ed5de427c4dc19ad6d966c6cf572c2505e44142e7e7261f917ae6,Clinton,Neutral
777244827612315649,ef983249ef6ed5de427c4dc19ad6d966c6cf572c2505e44142e7e7261f917ae6,Trump,Negative
777976793940824066,ef983249ef6ed5de427c4dc19ad6d966c6cf572c2505e44142e7e7261f917ae6,Trump,Neutral
784074112612364292,ef983249ef6ed5de427c4dc19ad6d966c6cf572c2505e44142e7e7261f917ae6,Trump,Negative
776828273607278592,ef983249ef6ed5de427c4dc19ad6d966c6cf572c2505e44142e7e7261f917ae6,Clinton,Negative
823616387704819713,ef983249ef6ed5de427c4dc19ad6d966c6cf572c2505e44142e7e7261f917ae6,Trump,Positive
774460029017530368,ef983249ef6ed5de427c4dc19ad6d966c6cf572c2505e44142e7e7261f917ae6,Clinton,Positive
845519988001779712,ef983249ef6ed5de427c4dc19ad6d966c6cf572c2505e44142e7e7261f917ae6,Trump,Negative
835350801249882112,ef983249ef6ed5de427c4dc19ad6d966c6cf572c2505e44142e7e7261f917ae6,Trump,Positive
828771187165691905,ef983249ef6ed5de427c4dc19ad6d966c6cf572c2505e44142e7e7261f917ae6,Trump,Neutral
813154523816542208,ef983249ef6ed5de427c4dc19ad6d966c6cf572c2505e44142e7e7261f917ae6,Trump,Negative
811335777133150209,ef983249ef6ed5de427c4dc19ad6d966c6cf572c2505e44142e7e7261f917ae6,Trump,Negative
835532125201924097,ef983249ef6ed5de427c4dc19ad6d966c6cf572c2505e44142e7e7261f917ae6,Trump,Negative
823616460023074817,ef983249ef6ed5de427c4dc19ad6d966c6cf572c2505e44142e7e7261f917ae6,Trump,Neutral
838436425670488070,ef983249ef6ed5de427c4dc19ad6d966c6cf572c2505e44142e7e7261f917ae6,Trump,Positive
776886625435385856,ef983249ef6ed5de427c4dc19ad6d966c6cf572c2505e44142e7e7261f917ae6,Trump,Negative
635090109692538880,ef983249ef6ed5de427c4dc19ad6d966c6cf572c2505e44142e7e7261f917ae6,Trump,Negative
777945629192577025,ef983249ef6ed5de427c4dc19ad6d966c6cf572c2505e44142e7e7261f917ae6,Trump,Positive
784101285297479680,ef983249ef6ed5de427c4dc19ad6d966c6cf572c2505e44142e7e7261f917ae6,Trump,Negative
818060028921970689,ef983249ef6ed5de427c4dc19ad6d966c6cf572c2505e44142e7e7261f917ae6,Trump,Positive
777447355931095040,ef983249ef6ed5de427c4dc19ad6d966c6cf572c2505e44142e7e7261f917ae6,Trump,Positive
781558924814258176,ef983249ef6ed5de427c4dc19ad6d966c6cf572c2505e44142e7e7261f917ae6,Clinton,Negative
780516030212771840,ef983249ef6ed5de427c4dc19ad6d966c6cf572c2505e44142e7e7261f917ae6,Trump,Positive
814426602553692160,ef983249ef6ed5de427c4dc19ad6d966c6cf572c2505e44142e7e7261f917ae6,Trump,Negative
852061730108837888,ef983249ef6ed5de427c4dc19ad6d966c6cf572c2505e44142e7e7261f917ae6,Trump,Positive
780516357204877312,ef983249ef6ed5de427c4dc19ad6d966c6cf572c2505e44142e7e7261f917ae6,Trump,Positive
856057595114729472,ef983249ef6ed5de427c4dc19ad6d966c6cf572c2505e44142e7e7261f917ae6,Trump,Negative
822890164791943168,ef983249ef6ed5de427c4dc19ad6d966c6cf572c2505e44142e7e7261f917ae6,Trump,Neutral
776846466086305793,ef983249ef6ed5de427c4dc19ad6d966c6cf572c2505e44142e7e7261f917ae6,Trump,Positive
776846436189241345,ef983249ef6ed5de427c4dc19ad6d966c6cf572c2505e44142e7e7261f917ae6,Trump,Positive
784112258594897921,ef983249ef6ed5de427c4dc19ad6d966c6cf572c2505e44142e7e7261f917ae6,Trump,Positive
816970662120198147,ef983249ef6ed5de427c4dc19ad6d966c6cf572c2505e44142e7e7261f917ae6,Trump,Negative
796120004060151808,ef983249ef6ed5de427c4dc19ad6d966c6cf572c2505e44142e7e7261f917ae6,Trump,Neutral
836984242018082816,ef983249ef6ed5de427c4dc19ad6d966c6cf572c2505e44142e7e7261f917ae6,Trump,Positive
834261653822791680,ef983249ef6ed5de427c4dc19ad6d966c6cf572c2505e44142e7e7261f917ae6,Trump,Negative
630788411364806656,ef983249ef6ed5de427c4dc19ad6d966c6cf572c2505e44142e7e7261f917ae6,Trump,Positive
776529459025416192,ef983249ef6ed5de427c4dc19ad6d966c6cf572c2505e44142e7e7261f917ae6,Clinton,Negative
796042122755534848,ef983249ef6ed5de427c4dc19ad6d966c6cf572c2505e44142e7e7261f917ae6,Trump,Positive
777249874924285952,ef983249ef6ed5de427c4dc19ad6d966c6cf572c2505e44142e7e7261f917ae6,Clinton,Negative
674253449563885568,ef983249ef6ed5de427c4dc19ad6d966c6cf572c2505e44142e7e7261f917ae6,Trump,Positive
777244697378992128,ef983249ef6ed5de427c4dc19ad6d966c6cf572c2505e44142e7e7261f917ae6,Clinton,Negative
843158424183562243,ef983249ef6ed5de427c4dc19ad6d966c6cf572c2505e44142e7e7261f917ae6,Trump,Negative
818711137277591552,ef983249ef6ed5de427c4dc19ad6d966c6cf572c2505e44142e7e7261f917ae6,Trump,Neutral
784086937925591041,ef983249ef6ed5de427c4dc19ad6d966c6cf572c2505e44142e7e7261f917ae6,Trump,Negative
779310825035206656,ef983249ef6ed5de427c4dc19ad6d966c6cf572c2505e44142e7e7261f917ae6,Clinton,Negative
824887627392315393,ef983249ef6ed5de427c4dc19ad6d966c6cf572c2505e44142e7e7261f917ae6,Trump,Positive
773985038509629440,ef983249ef6ed5de427c4dc19ad6d966c6cf572c2505e44142e7e7261f917ae6,Trump,Positive
825069063382695937,ef983249ef6ed5de427c4dc19ad6d966c6cf572c2505e44142e7e7261f917ae6,Trump,Negative
777979769401008129,ef983249ef6ed5de427c4dc19ad6d966c6cf572c2505e44142e7e7261f917ae6,Trump,Positive
626373267033620480,ef983249ef6ed5de427c4dc19ad6d966c6cf572c2505e44142e7e7261f917ae6,Trump,Neutral
777964871409405952,ef983249ef6ed5de427c4dc19ad6d966c6cf572c2505e44142e7e7261f917ae6,Clinton,Negative
777103491886092288,ef983249ef6ed5de427c4dc19ad6d966c6cf572c2505e44142e7e7261f917ae6,Trump,Negative
808974721949827072,ef983249ef6ed5de427c4dc19ad6d966c6cf572c2505e44142e7e7261f917ae6,Trump,Positive
825069004955979776,ef983249ef6ed5de427c4dc19ad6d966c6cf572c2505e44142e7e7261f917ae6,Trump,Negative
806248859697549312,ef983249ef6ed5de427c4dc19ad6d966c6cf572c2505e44142e7e7261f917ae6,Trump,Positive
853333486224252928,ef983249ef6ed5de427c4dc19ad6d966c6cf572c2505e44142e7e7261f917ae6,Trump,Negative
822344034396098560,ef983249ef6ed5de427c4dc19ad6d966c6cf572c2505e44142e7e7261f917ae6,Trump,Positive
777928319173992448,ef983249ef6ed5de427c4dc19ad6d966c6cf572c2505e44142e7e7261f917ae6,Trump,Positive
820346080399388676,ef983249ef6ed5de427c4dc19ad6d966c6cf572c2505e44142e7e7261f917ae6,Trump,Positive
847518659153154049,ef983249ef6ed5de427c4dc19ad6d966c6cf572c2505e44142e7e7261f917ae6,Trump,Negative
758957175129518080,ef983249ef6ed5de427c4dc19ad6d966c6cf572c2505e44142e7e7261f917ae6,Clinton,Positive
850971635075207169,ef983249ef6ed5de427c4dc19ad6d966c6cf572c2505e44142e7e7261f917ae6,Trump,Positive
821435506143690754,ef983249ef6ed5de427c4dc19ad6d966c6cf572c2505e44142e7e7261f917ae6,Trump,Negative
853515203320967168,ef983249ef6ed5de427c4dc19ad6d966c6cf572c2505e44142e7e7261f917ae6,Trump,Negative
827497714405502976,ef983249ef6ed5de427c4dc19ad6d966c6cf572c2505e44142e7e7261f917ae6,Trump,Positive
774752942528327680,ef983249ef6ed5de427c4dc19ad6d966c6cf572c2505e44142e7e7261f917ae6,Clinton,Negative
759062498742067200,ef983249ef6ed5de427c4dc19ad6d966c6cf572c2505e44142e7e7261f917ae6,Clinton,Negative
809882617860550656,ef983249ef6ed5de427c4dc19ad6d966c6cf572c2505e44142e7e7261f917ae6,Clinton,Positive
831537343479812098,ef983249ef6ed5de427c4dc19ad6d966c6cf572c2505e44142e7e7261f917ae6,Trump,Negative
777483601692602368,ef983249ef6ed5de427c4dc19ad6d966c6cf572c2505e44142e7e7261f917ae6,Trump,Positive
822708194866855936,ef983249ef6ed5de427c4dc19ad6d966c6cf572c2505e44142e7e7261f917ae6,Trump,Negative
784098008317255680,ef983249ef6ed5de427c4dc19ad6d966c6cf572c2505e44142e7e7261f917ae6,Trump,Negative
775584309818294272,ef983249ef6ed5de427c4dc19ad6d966c6cf572c2505e44142e7e7261f917ae6,Clinton,Negative
843158406450073601,ef983249ef6ed5de427c4dc19ad6d966c6cf572c2505e44142e7e7261f917ae6,Trump,Negative
774666548040470532,ef983249ef6ed5de427c4dc19ad6d966c6cf572c2505e44142e7e7261f917ae6,Clinton,Negative
776884175513149440,ef983249ef6ed5de427c4dc19ad6d966c6cf572c2505e44142e7e7261f917ae6,Trump,Negative
808247171191545856,ef983249ef6ed5de427c4dc19ad6d966c6cf572c2505e44142e7e7261f917ae6,Trump,Negative
854422801251540992,ef983249ef6ed5de427c4dc19ad6d966c6cf572c2505e44142e7e7261f917ae6,Trump,Negative
838254474871390208,ef983249ef6ed5de427c4dc19ad6d966c6cf572c2505e44142e7e7261f917ae6,Trump,Negative
774425024086368256,ef983249ef6ed5de427c4dc19ad6d966c6cf572c2505e44142e7e7261f917ae6,Clinton,Negative
844431086948155393,ef983249ef6ed5de427c4dc19ad6d966c6cf572c2505e44142e7e7261f917ae6,Trump,Positive
773985028900401152,ef983249ef6ed5de427c4dc19ad6d966c6cf572c2505e44142e7e7261f917ae6,Clinton,Negative
817152080863461377,ef983249ef6ed5de427c4dc19ad6d966c6cf572c2505e44142e7e7261f917ae6,Trump,Negative
796120862126653443,ef983249ef6ed5de427c4dc19ad6d966c6cf572c2505e44142e7e7261f917ae6,Trump,Negative
777253533435301888,ef983249ef6ed5de427c4dc19ad6d966c6cf572c2505e44142e7e7261f917ae6,Clinton,Positive
777501002077392896,ef983249ef6ed5de427c4dc19ad6d966c6cf572c2505e44142e7e7261f917ae6,Clinton,Negative
694885696306196480,ef983249ef6ed5de427c4dc19ad6d966c6cf572c2505e44142e7e7261f917ae6,Trump,Positive
833534820286357505,ef983249ef6ed5de427c4dc19ad6d966c6cf572c2505e44142e7e7261f917ae6,Trump,Positive
779292918691532801,ef983249ef6ed5de427c4dc19ad6d966c6cf572c2505e44142e7e7261f917ae6,Trump,Positive
774493715918299136,ef983249ef6ed5de427c4dc19ad6d966c6cf572c2505e44142e7e7261f917ae6,Trump,Positive
777977127341846528,ef983249ef6ed5de427c4dc19ad6d966c6cf572c2505e44142e7e7261f917ae6,Clinton,Negative
777255058790637568,ef983249ef6ed5de427c4dc19ad6d966c6cf572c2505e44142e7e7261f917ae6,Trump,Positive
848609964679729152,ef983249ef6ed5de427c4dc19ad6d966c6cf572c2505e44142e7e7261f917ae6,Trump,Positive
776909813708099584,ef983249ef6ed5de427c4dc19ad6d966c6cf572c2505e44142e7e7261f917ae6,Trump,Neutral
774545727305285632,ef983249ef6ed5de427c4dc19ad6d966c6cf572c2505e44142e7e7261f917ae6,Clinton,Negative
858782832516321283,ef983249ef6ed5de427c4dc19ad6d966c6cf572c2505e44142e7e7261f917ae6,Trump,Negative
774666713900191749,ef983249ef6ed5de427c4dc19ad6d966c6cf572c2505e44142e7e7261f917ae6,Trump,Positive
635090050930343936,ef983249ef6ed5de427c4dc19ad6d966c6cf572c2505e44142e7e7261f917ae6,Clinton,Neutral
784110591489282048,ef983249ef6ed5de427c4dc19ad6d966c6cf572c2505e44142e7e7261f917ae6,Clinton,Neutral
835350745423704065,ef983249ef6ed5de427c4dc19ad6d966c6cf572c2505e44142e7e7261f917ae6,Trump,Positive
784070285704167424,ef983249ef6ed5de427c4dc19ad6d966c6cf572c2505e44142e7e7261f917ae6,Trump,Positive
777967317607145473,ef983249ef6ed5de427c4dc19ad6d966c6cf572c2505e44142e7e7261f917ae6,Clinton,Positive
796070346919182337,ef983249ef6ed5de427c4dc19ad6d966c6cf572c2505e44142e7e7261f917ae6,Clinton,Positive
848609770508623873,ef983249ef6ed5de427c4dc19ad6d966c6cf572c2505e44142e7e7261f917ae6,Trump,Positive
777977185705533440,ef983249ef6ed5de427c4dc19ad6d966c6cf572c2505e44142e7e7261f917ae6,Trump,Positive
845519862256586753,ef983249ef6ed5de427c4dc19ad6d966c6cf572c2505e44142e7e7261f917ae6,Trump,Positive
816788434626998272,ef983249ef6ed5de427c4dc19ad6d966c6cf572c2505e44142e7e7261f917ae6,Trump,Negative
816243635779993600,ef983249ef6ed5de427c4dc19ad6d966c6cf572c2505e44142e7e7261f917ae6,Trump,Neutral
777102596205150208,ef983249ef6ed5de427c4dc19ad6d966c6cf572c2505e44142e7e7261f917ae6,Trump,Positive
776890673039454208,ef983249ef6ed5de427c4dc19ad6d966c6cf572c2505e44142e7e7261f917ae6,Trump,Positive
836297467838758913,ef983249ef6ed5de427c4dc19ad6d966c6cf572c2505e44142e7e7261f917ae6,Trump,Negative
625096123653431296,ef983249ef6ed5de427c4dc19ad6d966c6cf572c2505e44142e7e7261f917ae6,Trump,Negative
775606020030734336,ef983249ef6ed5de427c4dc19ad6d966c6cf572c2505e44142e7e7261f917ae6,Clinton,Positive
850245070485807105,ef983249ef6ed5de427c4dc19ad6d966c6cf572c2505e44142e7e7261f917ae6,Trump,Neutral
777857578818793472,ef983249ef6ed5de427c4dc19ad6d966c6cf572c2505e44142e7e7261f917ae6,Trump,Positive
843704005851320320,ef983249ef6ed5de427c4dc19ad6d966c6cf572c2505e44142e7e7261f917ae6,Trump,Negative
839162362116595714,ef983249ef6ed5de427c4dc19ad6d966c6cf572c2505e44142e7e7261f917ae6,Trump,Negative
831901236186214400,ef983249ef6ed5de427c4dc19ad6d966c6cf572c2505e44142e7e7261f917ae6,Trump,Positive
777249602877607936,ef983249ef6ed5de427c4dc19ad6d966c6cf572c2505e44142e7e7261f917ae6,Trump,Positive
821798711407890432,ef983249ef6ed5de427c4dc19ad6d966c6cf572c2505e44142e7e7261f917ae6,Trump,Positive
783952245230559232,ef983249ef6ed5de427c4dc19ad6d966c6cf572c2505e44142e7e7261f917ae6,Clinton,Positive
796116885020540929,ef983249ef6ed5de427c4dc19ad6d966c6cf572c2505e44142e7e7261f917ae6,Clinton,Positive
777226989920923648,ef983249ef6ed5de427c4dc19ad6d966c6cf572c2505e44142e7e7261f917ae6,Trump,Positive
835895809187147776,ef983249ef6ed5de427c4dc19ad6d966c6cf572c2505e44142e7e7261f917ae6,Trump,Positive
812972514863259648,ef983249ef6ed5de427c4dc19ad6d966c6cf572c2505e44142e7e7261f917ae6,Trump,Neutral
626371973954818048,ef983249ef6ed5de427c4dc19ad6d966c6cf572c2505e44142e7e7261f917ae6,Trump,Negative
818314664245362690,ef983249ef6ed5de427c4dc19ad6d966c6cf572c2505e44142e7e7261f917ae6,Trump,Negative
774718201909346305,ef983249ef6ed5de427c4dc19ad6d966c6cf572c2505e44142e7e7261f917ae6,Trump,Negative
777858601843093504,ef983249ef6ed5de427c4dc19ad6d966c6cf572c2505e44142e7e7261f917ae6,Trump,Positive
821253375014694912,ef983249ef6ed5de427c4dc19ad6d966c6cf572c2505e44142e7e7261f917ae6,Trump,Negative
855512084918018049,ef983249ef6ed5de427c4dc19ad6d966c6cf572c2505e44142e7e7261f917ae6,Trump,Negative
808247073485295616,ef983249ef6ed5de427c4dc19ad6d966c6cf572c2505e44142e7e7261f917ae6,Trump,Negative
796120134368825344,ef983249ef6ed5de427c4dc19ad6d966c6cf572c2505e44142e7e7261f917ae6,Trump,Negative
777571401876303872,ef983249ef6ed5de427c4dc19ad6d966c6cf572c2505e44142e7e7261f917ae6,Trump,Negative
781603339406602240,ef983249ef6ed5de427c4dc19ad6d966c6cf572c2505e44142e7e7261f917ae6,Trump,Negative
835169538899603457,ef983249ef6ed5de427c4dc19ad6d966c6cf572c2505e44142e7e7261f917ae6,Trump,Negative
828589700776652800,ef983249ef6ed5de427c4dc19ad6d966c6cf572c2505e44142e7e7261f917ae6,Trump,Positive
783977634338377728,ef983249ef6ed5de427c4dc19ad6d966c6cf572c2505e44142e7e7261f917ae6,Trump,Negative
815880241025519616,ef983249ef6ed5de427c4dc19ad6d966c6cf572c2505e44142e7e7261f917ae6,Trump,Positive
842432304836403200,ef983249ef6ed5de427c4dc19ad6d966c6cf572c2505e44142e7e7261f917ae6,Trump,Neutral
777858330396012546,ef983249ef6ed5de427c4dc19ad6d966c6cf572c2505e44142e7e7261f917ae6,Clinton,Negative
827679916586127360,ef983249ef6ed5de427c4dc19ad6d966c6cf572c2505e44142e7e7261f917ae6,Trump,Positive
773865240350101504,ef983249ef6ed5de427c4dc19ad6d966c6cf572c2505e44142e7e7261f917ae6,Trump,Negative
852243495037394944,ef983249ef6ed5de427c4dc19ad6d966c6cf572c2505e44142e7e7261f917ae6,Trump,Positive
777965403834155008,ef983249ef6ed5de427c4dc19ad6d966c6cf572c2505e44142e7e7261f917ae6,Clinton,Positive
796109810974527489,ef983249ef6ed5de427c4dc19ad6d966c6cf572c2505e44142e7e7261f917ae6,Trump,Positive
849517756848496640,ef983249ef6ed5de427c4dc19ad6d966c6cf572c2505e44142e7e7261f917ae6,Trump,Negative
847882485153353731,ef983249ef6ed5de427c4dc19ad6d966c6cf572c2505e44142e7e7261f917ae6,Trump,Positive
796055690016157697,ef983249ef6ed5de427c4dc19ad6d966c6cf572c2505e44142e7e7261f917ae6,Trump,Neutral
806248914626236417,ef983249ef6ed5de427c4dc19ad6d966c6cf572c2505e44142e7e7261f917ae6,Trump,Neutral
827679842623750144,ef983249ef6ed5de427c4dc19ad6d966c6cf572c2505e44142e7e7261f917ae6,Trump,Positive
674266229717078016,ef983249ef6ed5de427c4dc19ad6d966c6cf572c2505e44142e7e7261f917ae6,Trump,Negative
834987959023710208,ef983249ef6ed5de427c4dc19ad6d966c6cf572c2505e44142e7e7261f917ae6,Trump,Negative
854422900698480644,ef983249ef6ed5de427c4dc19ad6d966c6cf572c2505e44142e7e7261f917ae6,Trump,Neutral
839162381339136000,ef983249ef6ed5de427c4dc19ad6d966c6cf572c2505e44142e7e7261f917ae6,Trump,Positive
777253553555537923,ef983249ef6ed5de427c4dc19ad6d966c6cf572c2505e44142e7e7261f917ae6,Trump,Negative
854059452479270913,ef983249ef6ed5de427c4dc19ad6d966c6cf572c2505e44142e7e7261f917ae6,Trump,Negative
839162440382283776,ef983249ef6ed5de427c4dc19ad6d966c6cf572c2505e44142e7e7261f917ae6,Trump,Negative
811517250930929664,ef983249ef6ed5de427c4dc19ad6d966c6cf572c2505e44142e7e7261f917ae6,Trump,Positive
774476567313584128,ef983249ef6ed5de427c4dc19ad6d966c6cf572c2505e44142e7e7261f917ae6,Trump,Positive
811881155180032000,ef983249ef6ed5de427c4dc19ad6d966c6cf572c2505e44142e7e7261f917ae6,Trump,Neutral
685145441651003392,ef983249ef6ed5de427c4dc19ad6d966c6cf572c2505e44142e7e7261f917ae6,Trump,Positive
827862086978039808,ef983249ef6ed5de427c4dc19ad6d966c6cf572c2505e44142e7e7261f917ae6,Trump,Neutral
758958086082015232,ef983249ef6ed5de427c4dc19ad6d966c6cf572c2505e44142e7e7261f917ae6,Clinton,Negative
776884194463084544,ef983249ef6ed5de427c4dc19ad6d966c6cf572c2505e44142e7e7261f917ae6,Trump,Negative
775121160270905344,ef983249ef6ed5de427c4dc19ad6d966c6cf572c2505e44142e7e7261f917ae6,Clinton,Negative
832626753034018823,ef983249ef6ed5de427c4dc19ad6d966c6cf572c2505e44142e7e7261f917ae6,Trump,Positive
847518640643690496,ef983249ef6ed5de427c4dc19ad6d966c6cf572c2505e44142e7e7261f917ae6,Trump,Negative
809701160319913984,ef983249ef6ed5de427c4dc19ad6d966c6cf572c2505e44142e7e7261f917ae6,Clinton,Negative
828771206610481152,ef983249ef6ed5de427c4dc19ad6d966c6cf572c2505e44142e7e7261f917ae6,Trump,Negative
779292908960747520,ef983249ef6ed5de427c4dc19ad6d966c6cf572c2505e44142e7e7261f917ae6,Trump,Negative
850063147117445121,ef983249ef6ed5de427c4dc19ad6d966c6cf572c2505e44142e7e7261f917ae6,Trump,Neutral
827430117165121537,ef983249ef6ed5de427c4dc19ad6d966c6cf572c2505e44142e7e7261f917ae6,Clinton,Negative
837710101620342785,ef983249ef6ed5de427c4dc19ad6d966c6cf572c2505e44142e7e7261f917ae6,Trump,Negative
782694099757502464,ef983249ef6ed5de427c4dc19ad6d966c6cf572c2505e44142e7e7261f917ae6,Clinton,Neutral
820346186871832576,ef983249ef6ed5de427c4dc19ad6d966c6cf572c2505e44142e7e7261f917ae6,Trump,Negative
776828291802095616,ef983249ef6ed5de427c4dc19ad6d966c6cf572c2505e44142e7e7261f917ae6,Trump,Positive
777359275446460416,ef983249ef6ed5de427c4dc19ad6d966c6cf572c2505e44142e7e7261f917ae6,Clinton,Negative
818347991991980032,ef983249ef6ed5de427c4dc19ad6d966c6cf572c2505e44142e7e7261f917ae6,Trump,Negative
774511273115525120,ef983249ef6ed5de427c4dc19ad6d966c6cf572c2505e44142e7e7261f917ae6,Trump,Negative
832626838635569152,ef983249ef6ed5de427c4dc19ad6d966c6cf572c2505e44142e7e7261f917ae6,Trump,Negative
777103044081283076,ef983249ef6ed5de427c4dc19ad6d966c6cf572c2505e44142e7e7261f917ae6,Clinton,Neutral
838072997948887041,ef983249ef6ed5de427c4dc19ad6d966c6cf572c2505e44142e7e7261f917ae6,Trump,Negative
777103073378439169,ef983249ef6ed5de427c4dc19ad6d966c6cf572c2505e44142e7e7261f917ae6,Trump,Positive
825250748766236672,ef983249ef6ed5de427c4dc19ad6d966c6cf572c2505e44142e7e7261f917ae6,Trump,Negative
833172248261427200,ef983249ef6ed5de427c4dc19ad6d966c6cf572c2505e44142e7e7261f917ae6,Trump,Negative
815698802770317312,ef983249ef6ed5de427c4dc19ad6d966c6cf572c2505e44142e7e7261f917ae6,Trump,Negative
832264817390018561,ef983249ef6ed5de427c4dc19ad6d966c6cf572c2505e44142e7e7261f917ae6,Trump,Positive
822890183544762368,ef983249ef6ed5de427c4dc19ad6d966c6cf572c2505e44142e7e7261f917ae6,Trump,Negative
818060064388943872,ef983249ef6ed5de427c4dc19ad6d966c6cf572c2505e44142e7e7261f917ae6,Trump,Negative
773917362659663872,ef983249ef6ed5de427c4dc19ad6d966c6cf572c2505e44142e7e7261f917ae6,Trump,Positive
848609946732285952,ef983249ef6ed5de427c4dc19ad6d966c6cf572c2505e44142e7e7261f917ae6,Trump,Positive
819801489220595713,ef983249ef6ed5de427c4dc19ad6d966c6cf572c2505e44142e7e7261f917ae6,Trump,Negative
819982970773798912,ef983249ef6ed5de427c4dc19ad6d966c6cf572c2505e44142e7e7261f917ae6,Trump,Negative
781603184540352515,ef983249ef6ed5de427c4dc19ad6d966c6cf572c2505e44142e7e7261f917ae6,Clinton,Neutral
777977195050504193,ef983249ef6ed5de427c4dc19ad6d966c6cf572c2505e44142e7e7261f917ae6,Clinton,Positive
777250510663475200,ef983249ef6ed5de427c4dc19ad6d966c6cf572c2505e44142e7e7261f917ae6,Clinton,Negative
851880486649696256,ef983249ef6ed5de427c4dc19ad6d966c6cf572c2505e44142e7e7261f917ae6,Trump,Positive
808428870584123392,ef983249ef6ed5de427c4dc19ad6d966c6cf572c2505e44142e7e7261f917ae6,Trump,Positive
776882499590979585,ef983249ef6ed5de427c4dc19ad6d966c6cf572c2505e44142e7e7261f917ae6,Trump,Positive
784100792622018560,ef983249ef6ed5de427c4dc19ad6d966c6cf572c2505e44142e7e7261f917ae6,Trump,Neutral
776888966414999552,ef983249ef6ed5de427c4dc19ad6d966c6cf572c2505e44142e7e7261f917ae6,Trump,Positive
830587590638182402,ef983249ef6ed5de427c4dc19ad6d966c6cf572c2505e44142e7e7261f917ae6,Trump,Positive
808428890280656900,ef983249ef6ed5de427c4dc19ad6d966c6cf572c2505e44142e7e7261f917ae6,Trump,Negative
834261712467537925,ef983249ef6ed5de427c4dc19ad6d966c6cf572c2505e44142e7e7261f917ae6,Trump,Positive
850790060941344769,ef983249ef6ed5de427c4dc19ad6d966c6cf572c2505e44142e7e7261f917ae6,Trump,Negative
774269645821882368,ef983249ef6ed5de427c4dc19ad6d966c6cf572c2505e44142e7e7261f917ae6,Trump,Negative
854241376770437120,ef983249ef6ed5de427c4dc19ad6d966c6cf572c2505e44142e7e7261f917ae6,Trump,Neutral
781582554671427584,ef983249ef6ed5de427c4dc19ad6d966c6cf572c2505e44142e7e7261f917ae6,Clinton,Positive
831324816972083206,ef983249ef6ed5de427c4dc19ad6d966c6cf572c2505e44142e7e7261f917ae6,Trump,Negative
828408062214037504,ef983249ef6ed5de427c4dc19ad6d966c6cf572c2505e44142e7e7261f917ae6,Trump,Positive
782636790389743616,ef983249ef6ed5de427c4dc19ad6d966c6cf572c2505e44142e7e7261f917ae6,Trump,Positive
773899973242957824,ef983249ef6ed5de427c4dc19ad6d966c6cf572c2505e44142e7e7261f917ae6,Clinton,Negative
775584088451325952,ef983249ef6ed5de427c4dc19ad6d966c6cf572c2505e44142e7e7261f917ae6,Clinton,Negative
808792540799467520,ef983249ef6ed5de427c4dc19ad6d966c6cf572c2505e44142e7e7261f917ae6,Trump,Negative
776909832506974209,ef983249ef6ed5de427c4dc19ad6d966c6cf572c2505e44142e7e7261f917ae6,Clinton,Neutral
832264589735755776,ef983249ef6ed5de427c4dc19ad6d966c6cf572c2505e44142e7e7261f917ae6,Trump,Neutral
775305637399924736,ef983249ef6ed5de427c4dc19ad6d966c6cf572c2505e44142e7e7261f917ae6,Clinton,Positive
823434683551744000,ef983249ef6ed5de427c4dc19ad6d966c6cf572c2505e44142e7e7261f917ae6,Trump,Negative
670587019379257345,ef983249ef6ed5de427c4dc19ad6d966c6cf572c2505e44142e7e7261f917ae6,Trump,Negative
833535155423805440,ef983249ef6ed5de427c4dc19ad6d966c6cf572c2505e44142e7e7261f917ae6,Trump,Positive
817878566436212737,ef983249ef6ed5de427c4dc19ad6d966c6cf572c2505e44142e7e7261f917ae6,Trump,Negative
848791721039319040,ef983249ef6ed5de427c4dc19ad6d966c6cf572c2505e44142e7e7261f917ae6,Trump,Negative
781557061100433408,ef983249ef6ed5de427c4dc19ad6d966c6cf572c2505e44142e7e7261f917ae6,Trump,Positive
859509893400846339,ef983249ef6ed5de427c4dc19ad6d966c6cf572c2505e44142e7e7261f917ae6,Clinton,Negative
729009939084148736,ef983249ef6ed5de427c4dc19ad6d966c6cf572c2505e44142e7e7261f917ae6,Trump,Neutral
852061861147234305,ef983249ef6ed5de427c4dc19ad6d966c6cf572c2505e44142e7e7261f917ae6,Trump,Positive
840978313770344448,ef983249ef6ed5de427c4dc19ad6d966c6cf572c2505e44142e7e7261f917ae6,Trump,Negative
816970604314296320,ef983249ef6ed5de427c4dc19ad6d966c6cf572c2505e44142e7e7261f917ae6,Trump,Negative
822474568677748736,ef983249ef6ed5de427c4dc19ad6d966c6cf572c2505e44142e7e7261f917ae6,Trump,Positive
814244684755271680,ef983249ef6ed5de427c4dc19ad6d966c6cf572c2505e44142e7e7261f917ae6,Trump,Positive
840614744922947584,ef983249ef6ed5de427c4dc19ad6d966c6cf572c2505e44142e7e7261f917ae6,Trump,Neutral
856239089674223621,ef983249ef6ed5de427c4dc19ad6d966c6cf572c2505e44142e7e7261f917ae6,Trump,Positive
820709278055075840,ef983249ef6ed5de427c4dc19ad6d966c6cf572c2505e44142e7e7261f917ae6,Trump,Negative
777155969809801216,ef983249ef6ed5de427c4dc19ad6d966c6cf572c2505e44142e7e7261f917ae6,Trump,Negative
784097657606242305,ef983249ef6ed5de427c4dc19ad6d966c6cf572c2505e44142e7e7261f917ae6,Trump,Positive
777963590376689665,ef983249ef6ed5de427c4dc19ad6d966c6cf572c2505e44142e7e7261f917ae6,Clinton,Negative
776885394428207104,ef983249ef6ed5de427c4dc19ad6d966c6cf572c2505e44142e7e7261f917ae6,Clinton,Negative
783680831613120513,ef983249ef6ed5de427c4dc19ad6d966c6cf572c2505e44142e7e7261f917ae6,Trump,Positive
796039240744366080,ef983249ef6ed5de427c4dc19ad6d966c6cf572c2505e44142e7e7261f917ae6,Clinton,Negative
776891430518263808,ef983249ef6ed5de427c4dc19ad6d966c6cf572c2505e44142e7e7261f917ae6,Trump,Neutral
776997702794145792,ef983249ef6ed5de427c4dc19ad6d966c6cf572c2505e44142e7e7261f917ae6,Trump,Negative
777858305905405952,ef983249ef6ed5de427c4dc19ad6d966c6cf572c2505e44142e7e7261f917ae6,Clinton,Positive
851698352135827456,ef983249ef6ed5de427c4dc19ad6d966c6cf572c2505e44142e7e7261f917ae6,Trump,Negative
776997580790169600,ef983249ef6ed5de427c4dc19ad6d966c6cf572c2505e44142e7e7261f917ae6,Clinton,Negative
774424992402513920,ef983249ef6ed5de427c4dc19ad6d966c6cf572c2505e44142e7e7261f917ae6,Trump,Positive
841704564587925510,ef983249ef6ed5de427c4dc19ad6d966c6cf572c2505e44142e7e7261f917ae6,Trump,Positive
823071382808494080,ef983249ef6ed5de427c4dc19ad6d966c6cf572c2505e44142e7e7261f917ae6,Trump,Negative
835350764063182848,ef983249ef6ed5de427c4dc19ad6d966c6cf572c2505e44142e7e7261f917ae6,Trump,Positive
777839955615870976,ef983249ef6ed5de427c4dc19ad6d966c6cf572c2505e44142e7e7261f917ae6,Trump,Negative
841159828273811456,ef983249ef6ed5de427c4dc19ad6d966c6cf572c2505e44142e7e7261f917ae6,Trump,Negative
777251601681637377,ef983249ef6ed5de427c4dc19ad6d966c6cf572c2505e44142e7e7261f917ae6,Trump,Negative
776891181728993280,ef983249ef6ed5de427c4dc19ad6d966c6cf572c2505e44142e7e7261f917ae6,Trump,Negative
777977477096435713,ef983249ef6ed5de427c4dc19ad6d966c6cf572c2505e44142e7e7261f917ae6,Trump,Negative
773847905228746752,ef983249ef6ed5de427c4dc19ad6d966c6cf572c2505e44142e7e7261f917ae6,Clinton,Positive
777977444334702593,ef983249ef6ed5de427c4dc19ad6d966c6cf572c2505e44142e7e7261f917ae6,Trump,Negative
839525332482998272,ef983249ef6ed5de427c4dc19ad6d966c6cf572c2505e44142e7e7261f917ae6,Trump,Positive
835895728216100864,ef983249ef6ed5de427c4dc19ad6d966c6cf572c2505e44142e7e7261f917ae6,Clinton,Positive
776883473902608384,ef983249ef6ed5de427c4dc19ad6d966c6cf572c2505e44142e7e7261f917ae6,Trump,Negative
856966643561484288,ef983249ef6ed5de427c4dc19ad6d966c6cf572c2505e44142e7e7261f917ae6,Trump,Positive
777067594113290240,ef983249ef6ed5de427c4dc19ad6d966c6cf572c2505e44142e7e7261f917ae6,Trump,Positive
784105710120566785,ef983249ef6ed5de427c4dc19ad6d966c6cf572c2505e44142e7e7261f917ae6,Trump,Positive
783992567692165121,ef983249ef6ed5de427c4dc19ad6d966c6cf572c2505e44142e7e7261f917ae6,Trump,Neutral
768453879751122944,ef983249ef6ed5de427c4dc19ad6d966c6cf572c2505e44142e7e7261f917ae6,Clinton,Negative
776845642475810816,ef983249ef6ed5de427c4dc19ad6d966c6cf572c2505e44142e7e7261f917ae6,Trump,Negative
824887667271667712,ef983249ef6ed5de427c4dc19ad6d966c6cf572c2505e44142e7e7261f917ae6,Trump,Positive
777246895852756993,ef983249ef6ed5de427c4dc19ad6d966c6cf572c2505e44142e7e7261f917ae6,Clinton,Positive
839525223150075905,ef983249ef6ed5de427c4dc19ad6d966c6cf572c2505e44142e7e7261f917ae6,Trump,Neutral
809701214325800960,ef983249ef6ed5de427c4dc19ad6d966c6cf572c2505e44142e7e7261f917ae6,Trump,Neutral
845338444796772353,ef983249ef6ed5de427c4dc19ad6d966c6cf572c2505e44142e7e7261f917ae6,Trump,Positive
842250499306991617,ef983249ef6ed5de427c4dc19ad6d966c6cf572c2505e44142e7e7261f917ae6,Trump,Positive
768454452416225280,ef983249ef6ed5de427c4dc19ad6d966c6cf572c2505e44142e7e7261f917ae6,Clinton,Negative
842795281209065472,ef983249ef6ed5de427c4dc19ad6d966c6cf572c2505e44142e7e7261f917ae6,Trump,Positive
777978227465723905,ef983249ef6ed5de427c4dc19ad6d966c6cf572c2505e44142e7e7261f917ae6,Trump,Positive
796113120318066691,ef983249ef6ed5de427c4dc19ad6d966c6cf572c2505e44142e7e7261f917ae6,Trump,Neutral
850063212976459776,ef983249ef6ed5de427c4dc19ad6d966c6cf572c2505e44142e7e7261f917ae6,Trump,Negative
834262037970767872,ef983249ef6ed5de427c4dc19ad6d966c6cf572c2505e44142e7e7261f917ae6,Trump,Neutral
834261673334681601,ef983249ef6ed5de427c4dc19ad6d966c6cf572c2505e44142e7e7261f917ae6,Trump,Negative
852788570515316736,ef983249ef6ed5de427c4dc19ad6d966c6cf572c2505e44142e7e7261f917ae6,Trump,Negative
816425061997572096,ef983249ef6ed5de427c4dc19ad6d966c6cf572c2505e44142e7e7261f917ae6,Trump,Positive
807883997506367489,ef983249ef6ed5de427c4dc19ad6d966c6cf572c2505e44142e7e7261f917ae6,Trump,Negative
810790447685730304,ef983249ef6ed5de427c4dc19ad6d966c6cf572c2505e44142e7e7261f917ae6,Trump,Positive
819801544736391169,ef983249ef6ed5de427c4dc19ad6d966c6cf572c2505e44142e7e7261f917ae6,Trump,Negative
777251626042138625,ef983249ef6ed5de427c4dc19ad6d966c6cf572c2505e44142e7e7261f917ae6,Trump,Neutral
844431124826853377,ef983249ef6ed5de427c4dc19ad6d966c6cf572c2505e44142e7e7261f917ae6,Trump,Negative
842613830807142401,ef983249ef6ed5de427c4dc19ad6d966c6cf572c2505e44142e7e7261f917ae6,Trump,Negative
758957747865948161,ef983249ef6ed5de427c4dc19ad6d966c6cf572c2505e44142e7e7261f917ae6,Clinton,Negative
816788415501004801,ef983249ef6ed5de427c4dc19ad6d966c6cf572c2505e44142e7e7261f917ae6,Trump,Positive
777208020979879936,ef983249ef6ed5de427c4dc19ad6d966c6cf572c2505e44142e7e7261f917ae6,Trump,Negative
796041667606446080,ef983249ef6ed5de427c4dc19ad6d966c6cf572c2505e44142e7e7261f917ae6,Trump,Neutral
852970667255504896,ef983249ef6ed5de427c4dc19ad6d966c6cf572c2505e44142e7e7261f917ae6,Trump,Negative
777977301472579584,ef983249ef6ed5de427c4dc19ad6d966c6cf572c2505e44142e7e7261f917ae6,Trump,Neutral
821253336380936192,ef983249ef6ed5de427c4dc19ad6d966c6cf572c2505e44142e7e7261f917ae6,Trump,Negative
837710224177909761,ef983249ef6ed5de427c4dc19ad6d966c6cf572c2505e44142e7e7261f917ae6,Trump,Negative
776882480007745536,ef983249ef6ed5de427c4dc19ad6d966c6cf572c2505e44142e7e7261f917ae6,Clinton,Neutral
774597378783469572,ef983249ef6ed5de427c4dc19ad6d966c6cf572c2505e44142e7e7261f917ae6,Trump,Positive
840614762899787777,ef983249ef6ed5de427c4dc19ad6d966c6cf572c2505e44142e7e7261f917ae6,Trump,Negative
852425655719481345,ef983249ef6ed5de427c4dc19ad6d966c6cf572c2505e44142e7e7261f917ae6,Trump,Neutral
776883559642632192,ef983249ef6ed5de427c4dc19ad6d966c6cf572c2505e44142e7e7261f917ae6,Trump,Positive
836809118241415168,ef983249ef6ed5de427c4dc19ad6d966c6cf572c2505e44142e7e7261f917ae6,Trump,Positive
688058052835172352,ef983249ef6ed5de427c4dc19ad6d966c6cf572c2505e44142e7e7261f917ae6,Trump,Positive
836811999879303169,ef983249ef6ed5de427c4dc19ad6d966c6cf572c2505e44142e7e7261f917ae6,Trump,Positive
768453786201448449,ef983249ef6ed5de427c4dc19ad6d966c6cf572c2505e44142e7e7261f917ae6,Clinton,Negative
847882446033100800,ef983249ef6ed5de427c4dc19ad6d966c6cf572c2505e44142e7e7261f917ae6,Trump,Negative
729009809975054339,ef983249ef6ed5de427c4dc19ad6d966c6cf572c2505e44142e7e7261f917ae6,Trump,Negative
781607633010786304,ef983249ef6ed5de427c4dc19ad6d966c6cf572c2505e44142e7e7261f917ae6,Trump,Negative
776884283600474112,ef983249ef6ed5de427c4dc19ad6d966c6cf572c2505e44142e7e7261f917ae6,Clinton,Positive
843340319282397187,ef983249ef6ed5de427c4dc19ad6d966c6cf572c2505e44142e7e7261f917ae6,Trump,Positive
838254458966536192,ef983249ef6ed5de427c4dc19ad6d966c6cf572c2505e44142e7e7261f917ae6,Trump,Negative
777084978375065600,ef983249ef6ed5de427c4dc19ad6d966c6cf572c2505e44142e7e7261f917ae6,Trump,Positive
774996425365159936,ef983249ef6ed5de427c4dc19ad6d966c6cf572c2505e44142e7e7261f917ae6,Trump,Negative
836984294446927872,ef983249ef6ed5de427c4dc19ad6d966c6cf572c2505e44142e7e7261f917ae6,Trump,Positive
777246133961777152,ef983249ef6ed5de427c4dc19ad6d966c6cf572c2505e44142e7e7261f917ae6,Trump,Neutral
848427881244094464,ef983249ef6ed5de427c4dc19ad6d966c6cf572c2505e44142e7e7261f917ae6,Trump,Neutral
843522079647580160,ef983249ef6ed5de427c4dc19ad6d966c6cf572c2505e44142e7e7261f917ae6,Trump,Positive
812426217970434050,ef983249ef6ed5de427c4dc19ad6d966c6cf572c2505e44142e7e7261f917ae6,Trump,Positive
833717018272595969,ef983249ef6ed5de427c4dc19ad6d966c6cf572c2505e44142e7e7261f917ae6,Trump,Negative
837347214032846848,ef983249ef6ed5de427c4dc19ad6d966c6cf572c2505e44142e7e7261f917ae6,Trump,Negative
781607590975381505,ef983249ef6ed5de427c4dc19ad6d966c6cf572c2505e44142e7e7261f917ae6,Clinton,Positive
824342740196528128,ef983249ef6ed5de427c4dc19ad6d966c6cf572c2505e44142e7e7261f917ae6,Trump,Positive
775414174415478784,ef983249ef6ed5de427c4dc19ad6d966c6cf572c2505e44142e7e7261f917ae6,Trump,Negative
796127371191578629,ef983249ef6ed5de427c4dc19ad6d966c6cf572c2505e44142e7e7261f917ae6,Trump,Positive
838980983575699456,ef983249ef6ed5de427c4dc19ad6d966c6cf572c2505e44142e7e7261f917ae6,Trump,Negative
784100482436521984,ef983249ef6ed5de427c4dc19ad6d966c6cf572c2505e44142e7e7261f917ae6,Trump,Negative
847336896355106816,ef983249ef6ed5de427c4dc19ad6d966c6cf572c2505e44142e7e7261f917ae6,Trump,Negative
832445363579662339,ef983249ef6ed5de427c4dc19ad6d966c6cf572c2505e44142e7e7261f917ae6,Trump,Neutral
845519970427715584,ef983249ef6ed5de427c4dc19ad6d966c6cf572c2505e44142e7e7261f917ae6,Trump,Neutral
852243455640207362,ef983249ef6ed5de427c4dc19ad6d966c6cf572c2505e44142e7e7261f917ae6,Trump,Positive
695250492151222272,ef983249ef6ed5de427c4dc19ad6d966c6cf572c2505e44142e7e7261f917ae6,Trump,Positive
845338553525682177,ef983249ef6ed5de427c4dc19ad6d966c6cf572c2505e44142e7e7261f917ae6,Trump,Neutral
837347177781473280,ef983249ef6ed5de427c4dc19ad6d966c6cf572c2505e44142e7e7261f917ae6,Trump,Negative
777359007262576640,ef983249ef6ed5de427c4dc19ad6d966c6cf572c2505e44142e7e7261f917ae6,Trump,Positive
784069283177299968,ef983249ef6ed5de427c4dc19ad6d966c6cf572c2505e44142e7e7261f917ae6,Trump,Positive
777244632598056961,ef983249ef6ed5de427c4dc19ad6d966c6cf572c2505e44142e7e7261f917ae6,Trump,Negative
834624433679659008,ef983249ef6ed5de427c4dc19ad6d966c6cf572c2505e44142e7e7261f917ae6,Trump,Negative
796082973011537920,ef983249ef6ed5de427c4dc19ad6d966c6cf572c2505e44142e7e7261f917ae6,Trump,Positive
784096002508623872,ef983249ef6ed5de427c4dc19ad6d966c6cf572c2505e44142e7e7261f917ae6,Trump,Positive
842613777304576000,ef983249ef6ed5de427c4dc19ad6d966c6cf572c2505e44142e7e7261f917ae6,Trump,Negative
782636811759849472,ef983249ef6ed5de427c4dc19ad6d966c6cf572c2505e44142e7e7261f917ae6,Clinton,Positive
774649550451642368,ef983249ef6ed5de427c4dc19ad6d966c6cf572c2505e44142e7e7261f917ae6,Clinton,Negative
777246848641826820,ef983249ef6ed5de427c4dc19ad6d966c6cf572c2505e44142e7e7261f917ae6,Trump,Positive
777102564122918912,ef983249ef6ed5de427c4dc19ad6d966c6cf572c2505e44142e7e7261f917ae6,Trump,Positive
808428796416233472,ef983249ef6ed5de427c4dc19ad6d966c6cf572c2505e44142e7e7261f917ae6,Clinton,Negative
819074462578593792,ef983249ef6ed5de427c4dc19ad6d966c6cf572c2505e44142e7e7261f917ae6,Trump,Negative
857875366412681218,ef983249ef6ed5de427c4dc19ad6d966c6cf572c2505e44142e7e7261f917ae6,Trump,Negative
815880202861559808,ef983249ef6ed5de427c4dc19ad6d966c6cf572c2505e44142e7e7261f917ae6,Trump,Negative
809882703533199360,ef983249ef6ed5de427c4dc19ad6d966c6cf572c2505e44142e7e7261f917ae6,Trump,Negative
784102973932707842,ef983249ef6ed5de427c4dc19ad6d966c6cf572c2505e44142e7e7261f917ae6,Trump,Negative
674267432089948160,ef983249ef6ed5de427c4dc19ad6d966c6cf572c2505e44142e7e7261f917ae6,Trump,Negative
833353781165318144,ef983249ef6ed5de427c4dc19ad6d966c6cf572c2505e44142e7e7261f917ae6,Trump,Negative
774666520949428225,ef983249ef6ed5de427c4dc19ad6d966c6cf572c2505e44142e7e7261f917ae6,Trump,Negative
670587044255694848,ef983249ef6ed5de427c4dc19ad6d966c6cf572c2505e44142e7e7261f917ae6,Trump,Negative
854967684085239810,ef983249ef6ed5de427c4dc19ad6d966c6cf572c2505e44142e7e7261f917ae6,Trump,Negative
856784606561005568,ef983249ef6ed5de427c4dc19ad6d966c6cf572c2505e44142e7e7261f917ae6,Trump,Positive
776891917787361280,ef983249ef6ed5de427c4dc19ad6d966c6cf572c2505e44142e7e7261f917ae6,Trump,Positive
784058671223439360,ef983249ef6ed5de427c4dc19ad6d966c6cf572c2505e44142e7e7261f917ae6,Trump,Positive
776884164138143744,ef983249ef6ed5de427c4dc19ad6d966c6cf572c2505e44142e7e7261f917ae6,Trump,Neutral
777977041975115777,ef983249ef6ed5de427c4dc19ad6d966c6cf572c2505e44142e7e7261f917ae6,Clinton,Positive
853877918572916736,ef983249ef6ed5de427c4dc19ad6d966c6cf572c2505e44142e7e7261f917ae6,Trump,Negative
710556726513295362,ef983249ef6ed5de427c4dc19ad6d966c6cf572c2505e44142e7e7261f917ae6,Trump,Positive
777592629856985089,ef983249ef6ed5de427c4dc19ad6d966c6cf572c2505e44142e7e7261f917ae6,Trump,Positive
823798138569949184,ef983249ef6ed5de427c4dc19ad6d966c6cf572c2505e44142e7e7261f917ae6,Trump,Negative
776882489516228608,ef983249ef6ed5de427c4dc19ad6d966c6cf572c2505e44142e7e7261f917ae6,Trump,Positive
784098026897960960,ef983249ef6ed5de427c4dc19ad6d966c6cf572c2505e44142e7e7261f917ae6,Trump,Negative
796119977879306242,ef983249ef6ed5de427c4dc19ad6d966c6cf572c2505e44142e7e7261f917ae6,Trump,Negative
838436359278845953,ef983249ef6ed5de427c4dc19ad6d966c6cf572c2505e44142e7e7261f917ae6,Trump,Positive
796120921589383172,ef983249ef6ed5de427c4dc19ad6d966c6cf572c2505e44142e7e7261f917ae6,Trump,Negative
700784515485044737,ef983249ef6ed5de427c4dc19ad6d966c6cf572c2505e44142e7e7261f917ae6,Trump,Positive
853151683312050176,ef983249ef6ed5de427c4dc19ad6d966c6cf572c2505e44142e7e7261f917ae6,Trump,Negative
859146533488517125,ef983249ef6ed5de427c4dc19ad6d966c6cf572c2505e44142e7e7261f917ae6,Trump,Positive
777208502775349248,ef983249ef6ed5de427c4dc19ad6d966c6cf572c2505e44142e7e7261f917ae6,Trump,Positive
854967631748759552,ef983249ef6ed5de427c4dc19ad6d966c6cf572c2505e44142e7e7261f917ae6,Trump,Negative
853333428032458752,ef983249ef6ed5de427c4dc19ad6d966c6cf572c2505e44142e7e7261f917ae6,Trump,Neutral
777208040265289728,ef983249ef6ed5de427c4dc19ad6d966c6cf572c2505e44142e7e7261f917ae6,Trump,Positive
837961307542405120,ef983249ef6ed5de427c4dc19ad6d966c6cf572c2505e44142e7e7261f917ae6,Trump,Negative
858056735038349317,ef983249ef6ed5de427c4dc19ad6d966c6cf572c2505e44142e7e7261f917ae6,Trump,Neutral
817696922769223683,ef983249ef6ed5de427c4dc19ad6d966c6cf572c2505e44142e7e7261f917ae6,Trump,Negative
777360764067778560,ef983249ef6ed5de427c4dc19ad6d966c6cf572c2505e44142e7e7261f917ae6,Trump,Positive
832264455429971968,ef983249ef6ed5de427c4dc19ad6d966c6cf572c2505e44142e7e7261f917ae6,Trump,Neutral
827430100522123264,ef983249ef6ed5de427c4dc19ad6d966c6cf572c2505e44142e7e7261f917ae6,Trump,Negative
777244766463488000,ef983249ef6ed5de427c4dc19ad6d966c6cf572c2505e44142e7e7261f917ae6,Clinton,Negative
814426550649126912,ef983249ef6ed5de427c4dc19ad6d966c6cf572c2505e44142e7e7261f917ae6,Clinton,Negative
857693885312770048,ef983249ef6ed5de427c4dc19ad6d966c6cf572c2505e44142e7e7261f917ae6,Trump,Neutral
774580442536222722,ef983249ef6ed5de427c4dc19ad6d966c6cf572c2505e44142e7e7261f917ae6,Trump,Neutral
842432143011782656,ef983249ef6ed5de427c4dc19ad6d966c6cf572c2505e44142e7e7261f917ae6,Trump,Negative
830587627095126017,ef983249ef6ed5de427c4dc19ad6d966c6cf572c2505e44142e7e7261f917ae6,Trump,Positive
859873197658951681,ef983249ef6ed5de427c4dc19ad6d966c6cf572c2505e44142e7e7261f917ae6,Trump,Negative
777964392637947904,ef983249ef6ed5de427c4dc19ad6d966c6cf572c2505e44142e7e7261f917ae6,Clinton,Negative
833353800714948608,ef983249ef6ed5de427c4dc19ad6d966c6cf572c2505e44142e7e7261f917ae6,Clinton,Negative
842795355209195520,ef983249ef6ed5de427c4dc19ad6d966c6cf572c2505e44142e7e7261f917ae6,Clinton,Positive
775322101750329345,ef983249ef6ed5de427c4dc19ad6d966c6cf572c2505e44142e7e7261f917ae6,Clinton,Negative
850063233092341760,ef983249ef6ed5de427c4dc19ad6d966c6cf572c2505e44142e7e7261f917ae6,Trump,Negative
688058133416120320,ef983249ef6ed5de427c4dc19ad6d966c6cf572c2505e44142e7e7261f917ae6,Trump,Positive
777805396543213568,ef983249ef6ed5de427c4dc19ad6d966c6cf572c2505e44142e7e7261f917ae6,Clinton,Negative
834080809279746052,ef983249ef6ed5de427c4dc19ad6d966c6cf572c2505e44142e7e7261f917ae6,Trump,Negative
822890201026588677,ef983249ef6ed5de427c4dc19ad6d966c6cf572c2505e44142e7e7261f917ae6,Trump,Positive
777249328746287105,ef983249ef6ed5de427c4dc19ad6d966c6cf572c2505e44142e7e7261f917ae6,Trump,Negative
680030530545451008,ef983249ef6ed5de427c4dc19ad6d966c6cf572c2505e44142e7e7261f917ae6,Trump,Positive
855511957138440192,ef983249ef6ed5de427c4dc19ad6d966c6cf572c2505e44142e7e7261f917ae6,Trump,Negative
796135340713119750,ef983249ef6ed5de427c4dc19ad6d966c6cf572c2505e44142e7e7261f917ae6,Trump,Positive
844612220365553673,ef983249ef6ed5de427c4dc19ad6d966c6cf572c2505e44142e7e7261f917ae6,Trump,Negative
807519774771134464,ef983249ef6ed5de427c4dc19ad6d966c6cf572c2505e44142e7e7261f917ae6,Trump,Positive
635090071440519168,ef983249ef6ed5de427c4dc19ad6d966c6cf572c2505e44142e7e7261f917ae6,Trump,Neutral
784023982232174592,ef983249ef6ed5de427c4dc19ad6d966c6cf572c2505e44142e7e7261f917ae6,Clinton,Positive
777983340653715456,ef983249ef6ed5de427c4dc19ad6d966c6cf572c2505e44142e7e7261f917ae6,Clinton,Positive
860418632433766402,ef983249ef6ed5de427c4dc19ad6d966c6cf572c2505e44142e7e7261f917ae6,Trump,Negative
775236978644127744,ef983249ef6ed5de427c4dc19ad6d966c6cf572c2505e44142e7e7261f917ae6,Trump,Negative
796056087933964292,ef983249ef6ed5de427c4dc19ad6d966c6cf572c2505e44142e7e7261f917ae6,Trump,Neutral
812244316487905280,ef983249ef6ed5de427c4dc19ad6d966c6cf572c2505e44142e7e7261f917ae6,Trump,Positive
775150158115778560,ef983249ef6ed5de427c4dc19ad6d966c6cf572c2505e44142e7e7261f917ae6,Clinton,Neutral
784058651606671364,ef983249ef6ed5de427c4dc19ad6d966c6cf572c2505e44142e7e7261f917ae6,Trump,Negative
843158441443123202,ef983249ef6ed5de427c4dc19ad6d966c6cf572c2505e44142e7e7261f917ae6,Trump,Negative
823253232034205696,ef983249ef6ed5de427c4dc19ad6d966c6cf572c2505e44142e7e7261f917ae6,Trump,Neutral
832808685093019648,ef983249ef6ed5de427c4dc19ad6d966c6cf572c2505e44142e7e7261f917ae6,Trump,Positive
766664827573940224,ef983249ef6ed5de427c4dc19ad6d966c6cf572c2505e44142e7e7261f917ae6,Trump,Positive
833717075784904705,ef983249ef6ed5de427c4dc19ad6d966c6cf572c2505e44142e7e7261f917ae6,Trump,Positive
827066944973053952,ef983249ef6ed5de427c4dc19ad6d966c6cf572c2505e44142e7e7261f917ae6,Trump,Negative
809337785266139136,ef983249ef6ed5de427c4dc19ad6d966c6cf572c2505e44142e7e7261f917ae6,Trump,Negative
844067217931223041,ef983249ef6ed5de427c4dc19ad6d966c6cf572c2505e44142e7e7261f917ae6,Trump,Negative
811881050179780609,ef983249ef6ed5de427c4dc19ad6d966c6cf572c2505e44142e7e7261f917ae6,Trump,Positive
796056265256534016,ef983249ef6ed5de427c4dc19ad6d966c6cf572c2505e44142e7e7261f917ae6,Trump,Negative
807519876814344192,ef983249ef6ed5de427c4dc19ad6d966c6cf572c2505e44142e7e7261f917ae6,Trump,Positive
768452912712343552,ef983249ef6ed5de427c4dc19ad6d966c6cf572c2505e44142e7e7261f917ae6,Clinton,Positive
783662363824140288,ef983249ef6ed5de427c4dc19ad6d966c6cf572c2505e44142e7e7261f917ae6,Trump,Negative
828408025060933632,ef983249ef6ed5de427c4dc19ad6d966c6cf572c2505e44142e7e7261f917ae6,Trump,Negative
625096239659356160,ef983249ef6ed5de427c4dc19ad6d966c6cf572c2505e44142e7e7261f917ae6,Trump,Negative
775013735425540099,ef983249ef6ed5de427c4dc19ad6d966c6cf572c2505e44142e7e7261f917ae6,Trump,Negative
860236852447633409,ef983249ef6ed5de427c4dc19ad6d966c6cf572c2505e44142e7e7261f917ae6,Trump,Positive
822344127203385345,ef983249ef6ed5de427c4dc19ad6d966c6cf572c2505e44142e7e7261f917ae6,Trump,Negative
842250427248840704,ef983249ef6ed5de427c4dc19ad6d966c6cf572c2505e44142e7e7261f917ae6,Trump,Positive
837710184260710400,ef983249ef6ed5de427c4dc19ad6d966c6cf572c2505e44142e7e7261f917ae6,Trump,Positive
616411193842929664,ef983249ef6ed5de427c4dc19ad6d966c6cf572c2505e44142e7e7261f917ae6,Trump,Negative
849336670440890368,ef983249ef6ed5de427c4dc19ad6d966c6cf572c2505e44142e7e7261f917ae6,Trump,Neutral
729009840010448896,ef983249ef6ed5de427c4dc19ad6d966c6cf572c2505e44142e7e7261f917ae6,Trump,Neutral
819983005431328772,ef983249ef6ed5de427c4dc19ad6d966c6cf572c2505e44142e7e7261f917ae6,Trump,Neutral
796055157058531328,ef983249ef6ed5de427c4dc19ad6d966c6cf572c2505e44142e7e7261f917ae6,Clinton,Positive
813517843463540736,ef983249ef6ed5de427c4dc19ad6d966c6cf572c2505e44142e7e7261f917ae6,Trump,Positive
822162432625963009,ef983249ef6ed5de427c4dc19ad6d966c6cf572c2505e44142e7e7261f917ae6,Trump,Neutral
776529476012347393,ef983249ef6ed5de427c4dc19ad6d966c6cf572c2505e44142e7e7261f917ae6,Clinton,Neutral
855330514022023168,ef983249ef6ed5de427c4dc19ad6d966c6cf572c2505e44142e7e7261f917ae6,Trump,Positive
826522250224476166,ef983249ef6ed5de427c4dc19ad6d966c6cf572c2505e44142e7e7261f917ae6,Trump,Negative
796054848886177792,ef983249ef6ed5de427c4dc19ad6d966c6cf572c2505e44142e7e7261f917ae6,Trump,Positive
822708232317763584,ef983249ef6ed5de427c4dc19ad6d966c6cf572c2505e44142e7e7261f917ae6,Trump,Positive
700422184557285376,ef983249ef6ed5de427c4dc19ad6d966c6cf572c2505e44142e7e7261f917ae6,Trump,Negative
777822640757174272,ef983249ef6ed5de427c4dc19ad6d966c6cf572c2505e44142e7e7261f917ae6,Trump,Positive
777969333234434049,ef983249ef6ed5de427c4dc19ad6d966c6cf572c2505e44142e7e7261f917ae6,Clinton,Positive
841886190764757000,ef983249ef6ed5de427c4dc19ad6d966c6cf572c2505e44142e7e7261f917ae6,Trump,Negative
859873309823045636,ef983249ef6ed5de427c4dc19ad6d966c6cf572c2505e44142e7e7261f917ae6,Trump,Positive
796119844420784128,ef983249ef6ed5de427c4dc19ad6d966c6cf572c2505e44142e7e7261f917ae6,Trump,Positive
835532106625331200,ef983249ef6ed5de427c4dc19ad6d966c6cf572c2505e44142e7e7261f917ae6,Trump,Negative
833717056122023939,ef983249ef6ed5de427c4dc19ad6d966c6cf572c2505e44142e7e7261f917ae6,Trump,Positive
837961324130877440,ef983249ef6ed5de427c4dc19ad6d966c6cf572c2505e44142e7e7261f917ae6,Trump,Neutral
818529420508102658,ef983249ef6ed5de427c4dc19ad6d966c6cf572c2505e44142e7e7261f917ae6,Trump,Negative
836984348675014658,ef983249ef6ed5de427c4dc19ad6d966c6cf572c2505e44142e7e7261f917ae6,Trump,Positive
777253766064173056,ef983249ef6ed5de427c4dc19ad6d966c6cf572c2505e44142e7e7261f917ae6,Trump,Negative
852425767782952961,ef983249ef6ed5de427c4dc19ad6d966c6cf572c2505e44142e7e7261f917ae6,Trump,Neutral
777977464823898112,ef983249ef6ed5de427c4dc19ad6d966c6cf572c2505e44142e7e7261f917ae6,Trump,Positive
823616352472748034,ef983249ef6ed5de427c4dc19ad6d966c6cf572c2505e44142e7e7261f917ae6,Trump,Positive
818299567527591936,ef983249ef6ed5de427c4dc19ad6d966c6cf572c2505e44142e7e7261f917ae6,Trump,Positive
700418739783757824,ef983249ef6ed5de427c4dc19ad6d966c6cf572c2505e44142e7e7261f917ae6,Trump,Positive
842977038432518144,ef983249ef6ed5de427c4dc19ad6d966c6cf572c2505e44142e7e7261f917ae6,Trump,Negative
768454838657093636,ef983249ef6ed5de427c4dc19ad6d966c6cf572c2505e44142e7e7261f917ae6,Trump,Neutral
777307004683575296,ef983249ef6ed5de427c4dc19ad6d966c6cf572c2505e44142e7e7261f917ae6,Trump,Positive
686622224443289600,ef983249ef6ed5de427c4dc19ad6d966c6cf572c2505e44142e7e7261f917ae6,Clinton,Negative
819074514424315904,ef983249ef6ed5de427c4dc19ad6d966c6cf572c2505e44142e7e7261f917ae6,Trump,Negative
831719449648586752,ef983249ef6ed5de427c4dc19ad6d966c6cf572c2505e44142e7e7261f917ae6,Trump,Negative
777983385201471488,ef983249ef6ed5de427c4dc19ad6d966c6cf572c2505e44142e7e7261f917ae6,Trump,Neutral
849517791866740736,ef983249ef6ed5de427c4dc19ad6d966c6cf572c2505e44142e7e7261f917ae6,Trump,Neutral
842795393486372865,ef983249ef6ed5de427c4dc19ad6d966c6cf572c2505e44142e7e7261f917ae6,Trump,Positive
816243653656084480,ef983249ef6ed5de427c4dc19ad6d966c6cf572c2505e44142e7e7261f917ae6,Trump,Negative
776520235797114880,ef983249ef6ed5de427c4dc19ad6d966c6cf572c2505e44142e7e7261f917ae6,Clinton,Neutral
851516448962990080,ef983249ef6ed5de427c4dc19ad6d966c6cf572c2505e44142e7e7261f917ae6,Trump,Positive
835532033820590080,ef983249ef6ed5de427c4dc19ad6d966c6cf572c2505e44142e7e7261f917ae6,Trump,Negative
779299050755588096,ef983249ef6ed5de427c4dc19ad6d966c6cf572c2505e44142e7e7261f917ae6,Clinton,Neutral
843522060110520320,ef983249ef6ed5de427c4dc19ad6d966c6cf572c2505e44142e7e7261f917ae6,Trump,Positive
818711099512147968,ef983249ef6ed5de427c4dc19ad6d966c6cf572c2505e44142e7e7261f917ae6,Trump,Positive
844248861933785088,ef983249ef6ed5de427c4dc19ad6d966c6cf572c2505e44142e7e7261f917ae6,Trump,Neutral
784110241793335297,ef983249ef6ed5de427c4dc19ad6d966c6cf572c2505e44142e7e7261f917ae6,Clinton,Neutral
784070481649344512,ef983249ef6ed5de427c4dc19ad6d966c6cf572c2505e44142e7e7261f917ae6,Clinton,Negative
855511992945258498,ef983249ef6ed5de427c4dc19ad6d966c6cf572c2505e44142e7e7261f917ae6,Trump,Negative
830224442672422914,ef983249ef6ed5de427c4dc19ad6d966c6cf572c2505e44142e7e7261f917ae6,Trump,Positive
810972797895852032,ef983249ef6ed5de427c4dc19ad6d966c6cf572c2505e44142e7e7261f917ae6,Trump,Positive
836632637733289991,ef983249ef6ed5de427c4dc19ad6d966c6cf572c2505e44142e7e7261f917ae6,Trump,Negative
674253458954960897,ef983249ef6ed5de427c4dc19ad6d966c6cf572c2505e44142e7e7261f917ae6,Trump,Negative
823253287864532992,ef983249ef6ed5de427c4dc19ad6d966c6cf572c2505e44142e7e7261f917ae6,Trump,Positive
784108829407576065,ef983249ef6ed5de427c4dc19ad6d966c6cf572c2505e44142e7e7261f917ae6,Trump,Positive
848791756464418817,ef983249ef6ed5de427c4dc19ad6d966c6cf572c2505e44142e7e7261f917ae6,Trump,Positive
840978407785664512,ef983249ef6ed5de427c4dc19ad6d966c6cf572c2505e44142e7e7261f917ae6,Trump,Negative
784086607007739904,ef983249ef6ed5de427c4dc19ad6d966c6cf572c2505e44142e7e7261f917ae6,Clinton,Negative
672444804396015616,ef983249ef6ed5de427c4dc19ad6d966c6cf572c2505e44142e7e7261f917ae6,Trump,Negative
851698243528531968,ef983249ef6ed5de427c4dc19ad6d966c6cf572c2505e44142e7e7261f917ae6,Trump,Neutral
784091563534196736,ef983249ef6ed5de427c4dc19ad6d966c6cf572c2505e44142e7e7261f917ae6,Trump,Positive
840796600507236352,ef983249ef6ed5de427c4dc19ad6d966c6cf572c2505e44142e7e7261f917ae6,Trump,Neutral
846972996501811200,ef983249ef6ed5de427c4dc19ad6d966c6cf572c2505e44142e7e7261f917ae6,Trump,Neutral
775606051756511232,ef983249ef6ed5de427c4dc19ad6d966c6cf572c2505e44142e7e7261f917ae6,Clinton,Negative
844248900177485824,ef983249ef6ed5de427c4dc19ad6d966c6cf572c2505e44142e7e7261f917ae6,Trump,Negative
777977475443859456,ef983249ef6ed5de427c4dc19ad6d966c6cf572c2505e44142e7e7261f917ae6,Trump,Positive
777977107012018177,ef983249ef6ed5de427c4dc19ad6d966c6cf572c2505e44142e7e7261f917ae6,Trump,Positive
838254508815835136,ef983249ef6ed5de427c4dc19ad6d966c6cf572c2505e44142e7e7261f917ae6,Trump,Positive
843703755283615744,ef983249ef6ed5de427c4dc19ad6d966c6cf572c2505e44142e7e7261f917ae6,Trump,Negative
759062623338004480,ef983249ef6ed5de427c4dc19ad6d966c6cf572c2505e44142e7e7261f917ae6,Trump,Negative
825250661235380224,ef983249ef6ed5de427c4dc19ad6d966c6cf572c2505e44142e7e7261f917ae6,Trump,Neutral
781582130182627328,ef983249ef6ed5de427c4dc19ad6d966c6cf572c2505e44142e7e7261f917ae6,Trump,Positive
809882600907177985,ef983249ef6ed5de427c4dc19ad6d966c6cf572c2505e44142e7e7261f917ae6,Trump,Positive
796118787825238017,ef983249ef6ed5de427c4dc19ad6d966c6cf572c2505e44142e7e7261f917ae6,Clinton,Neutral
852788615956512768,ef983249ef6ed5de427c4dc19ad6d966c6cf572c2505e44142e7e7261f917ae6,Trump,Positive
816425097166811137,ef983249ef6ed5de427c4dc19ad6d966c6cf572c2505e44142e7e7261f917ae6,Trump,Negative
784090224662110208,ef983249ef6ed5de427c4dc19ad6d966c6cf572c2505e44142e7e7261f917ae6,Trump,Positive
816607021327876101,ef983249ef6ed5de427c4dc19ad6d966c6cf572c2505e44142e7e7261f917ae6,Trump,Negative
779299040454406146,ef983249ef6ed5de427c4dc19ad6d966c6cf572c2505e44142e7e7261f917ae6,Trump,Positive
777255078327648257,ef983249ef6ed5de427c4dc19ad6d966c6cf572c2505e44142e7e7261f917ae6,Trump,Positive
784110845726904321,ef983249ef6ed5de427c4dc19ad6d966c6cf572c2505e44142e7e7261f917ae6,Trump,Positive
777395283319717888,ef983249ef6ed5de427c4dc19ad6d966c6cf572c2505e44142e7e7261f917ae6,Trump,Positive
777246165398069248,ef983249ef6ed5de427c4dc19ad6d966c6cf572c2505e44142e7e7261f917ae6,Trump,Negative
698695835274469377,ef983249ef6ed5de427c4dc19ad6d966c6cf572c2505e44142e7e7261f917ae6,Trump,Negative
653293360468393984,ef983249ef6ed5de427c4dc19ad6d966c6cf572c2505e44142e7e7261f917ae6,Trump,Neutral
777979779568074753,ef983249ef6ed5de427c4dc19ad6d966c6cf572c2505e44142e7e7261f917ae6,Clinton,Neutral
784100275246157824,ef983249ef6ed5de427c4dc19ad6d966c6cf572c2505e44142e7e7261f917ae6,Clinton,Negative
836297399127707648,ef983249ef6ed5de427c4dc19ad6d966c6cf572c2505e44142e7e7261f917ae6,Trump,Positive
813335781213437952,ef983249ef6ed5de427c4dc19ad6d966c6cf572c2505e44142e7e7261f917ae6,Trump,Positive
807156702223224832,ef983249ef6ed5de427c4dc19ad6d966c6cf572c2505e44142e7e7261f917ae6,Trump,Positive
777227023156600832,ef983249ef6ed5de427c4dc19ad6d966c6cf572c2505e44142e7e7261f917ae6,Trump,Neutral
846973068417347584,ef983249ef6ed5de427c4dc19ad6d966c6cf572c2505e44142e7e7261f917ae6,Trump,Positive
808428912166445056,ef983249ef6ed5de427c4dc19ad6d966c6cf572c2505e44142e7e7261f917ae6,Trump,Negative
832990081933787136,ef983249ef6ed5de427c4dc19ad6d966c6cf572c2505e44142e7e7261f917ae6,Trump,Neutral
774787234394468352,ef983249ef6ed5de427c4dc19ad6d966c6cf572c2505e44142e7e7261f917ae6,Clinton,Neutral
821798673726210052,ef983249ef6ed5de427c4dc19ad6d966c6cf572c2505e44142e7e7261f917ae6,Trump,Negative
694885594384588802,ef983249ef6ed5de427c4dc19ad6d966c6cf572c2505e44142e7e7261f917ae6,Trump,Positive
842432085340102661,ef983249ef6ed5de427c4dc19ad6d966c6cf572c2505e44142e7e7261f917ae6,Trump,Negative
777977208317046784,ef983249ef6ed5de427c4dc19ad6d966c6cf572c2505e44142e7e7261f917ae6,Trump,Negative
846428250540793856,ef983249ef6ed5de427c4dc19ad6d966c6cf572c2505e44142e7e7261f917ae6,Trump,Negative
783946864638828544,ef983249ef6ed5de427c4dc19ad6d966c6cf572c2505e44142e7e7261f917ae6,Trump,Neutral
825250765342121984,ef983249ef6ed5de427c4dc19ad6d966c6cf572c2505e44142e7e7261f917ae6,Trump,Negative
777500982179758081,ef983249ef6ed5de427c4dc19ad6d966c6cf572c2505e44142e7e7261f917ae6,Trump,Positive
784077044065894400,ef983249ef6ed5de427c4dc19ad6d966c6cf572c2505e44142e7e7261f917ae6,Trump,Neutral
776845631016972288,ef983249ef6ed5de427c4dc19ad6d966c6cf572c2505e44142e7e7261f917ae6,Trump,Positive
812426141126561792,ef983249ef6ed5de427c4dc19ad6d966c6cf572c2505e44142e7e7261f917ae6,Trump,Negative
815698695232569344,ef983249ef6ed5de427c4dc19ad6d966c6cf572c2505e44142e7e7261f917ae6,Trump,Positive
777246404703981568,ef983249ef6ed5de427c4dc19ad6d966c6cf572c2505e44142e7e7261f917ae6,Trump,Negative
774804851746275328,ef983249ef6ed5de427c4dc19ad6d966c6cf572c2505e44142e7e7261f917ae6,Clinton,Negative
653656864182378496,ef983249ef6ed5de427c4dc19ad6d966c6cf572c2505e44142e7e7261f917ae6,Trump,Neutral
809519544154918912,ef983249ef6ed5de427c4dc19ad6d966c6cf572c2505e44142e7e7261f917ae6,Trump,Positive
822708120669605889,ef983249ef6ed5de427c4dc19ad6d966c6cf572c2505e44142e7e7261f917ae6,Trump,Negative
822526234017992705,ef983249ef6ed5de427c4dc19ad6d966c6cf572c2505e44142e7e7261f917ae6,Trump,Positive
857693867826610181,ef983249ef6ed5de427c4dc19ad6d966c6cf572c2505e44142e7e7261f917ae6,Trump,Neutral
850971512488198144,ef983249ef6ed5de427c4dc19ad6d966c6cf572c2505e44142e7e7261f917ae6,Trump,Negative
834080872114552832,ef983249ef6ed5de427c4dc19ad6d966c6cf572c2505e44142e7e7261f917ae6,Trump,Neutral
779292010398318592,ef983249ef6ed5de427c4dc19ad6d966c6cf572c2505e44142e7e7261f917ae6,Trump,Negative
625096257988530176,ef983249ef6ed5de427c4dc19ad6d966c6cf572c2505e44142e7e7261f917ae6,Trump,Negative
784078533077458944,ef983249ef6ed5de427c4dc19ad6d966c6cf572c2505e44142e7e7261f917ae6,Clinton,Positive
845701600639418369,ef983249ef6ed5de427c4dc19ad6d966c6cf572c2505e44142e7e7261f917ae6,Trump,Negative
831901387428605953,ef983249ef6ed5de427c4dc19ad6d966c6cf572c2505e44142e7e7261f917ae6,Trump,Positive
777249843894951936,ef983249ef6ed5de427c4dc19ad6d966c6cf572c2505e44142e7e7261f917ae6,Trump,Negative
848245615050063874,ef983249ef6ed5de427c4dc19ad6d966c6cf572c2505e44142e7e7261f917ae6,Trump,Positive
759062432639754240,ef983249ef6ed5de427c4dc19ad6d966c6cf572c2505e44142e7e7261f917ae6,Clinton,Negative
837891527816986624,ef983249ef6ed5de427c4dc19ad6d966c6cf572c2505e44142e7e7261f917ae6,Trump,Negative
823979405479444480,ef983249ef6ed5de427c4dc19ad6d966c6cf572c2505e44142e7e7261f917ae6,Trump,Positive
777977002188017664,ef983249ef6ed5de427c4dc19ad6d966c6cf572c2505e44142e7e7261f917ae6,Clinton,Negative
698465758381273088,ef983249ef6ed5de427c4dc19ad6d966c6cf572c2505e44142e7e7261f917ae6,Trump,Positive
847700313687457792,ef983249ef6ed5de427c4dc19ad6d966c6cf572c2505e44142e7e7261f917ae6,Trump,Neutral
776035581885317122,ef983249ef6ed5de427c4dc19ad6d966c6cf572c2505e44142e7e7261f917ae6,Clinton,Negative
768454194659557376,ef983249ef6ed5de427c4dc19ad6d966c6cf572c2505e44142e7e7261f917ae6,Clinton,Negative
777967805840891904,ef983249ef6ed5de427c4dc19ad6d966c6cf572c2505e44142e7e7261f917ae6,Clinton,Negative
812609128535236608,ef983249ef6ed5de427c4dc19ad6d966c6cf572c2505e44142e7e7261f917ae6,Trump,Positive
807156736830435328,ef983249ef6ed5de427c4dc19ad6d966c6cf572c2505e44142e7e7261f917ae6,Trump,Positive
779299017876463617,ef983249ef6ed5de427c4dc19ad6d966c6cf572c2505e44142e7e7261f917ae6,Trump,Positive
848609732776652805,ef983249ef6ed5de427c4dc19ad6d966c6cf572c2505e44142e7e7261f917ae6,Trump,Negative
776828254913175557,ef983249ef6ed5de427c4dc19ad6d966c6cf572c2505e44142e7e7261f917ae6,Trump,Negative
777033006812758016,ef983249ef6ed5de427c4dc19ad6d966c6cf572c2505e44142e7e7261f917ae6,Clinton,Negative
838617770942152706,ef983249ef6ed5de427c4dc19ad6d966c6cf572c2505e44142e7e7261f917ae6,Trump,Negative
827497769258668032,ef983249ef6ed5de427c4dc19ad6d966c6cf572c2505e44142e7e7261f917ae6,Trump,Positive
854422841516797952,ef983249ef6ed5de427c4dc19ad6d966c6cf572c2505e44142e7e7261f917ae6,Trump,Positive
841886248574803969,ef983249ef6ed5de427c4dc19ad6d966c6cf572c2505e44142e7e7261f917ae6,Trump,Positive
828044697163689985,ef983249ef6ed5de427c4dc19ad6d966c6cf572c2505e44142e7e7261f917ae6,Trump,Negative
776041415495278592,ef983249ef6ed5de427c4dc19ad6d966c6cf572c2505e44142e7e7261f917ae6,Trump,Positive
777977204655480832,ef983249ef6ed5de427c4dc19ad6d966c6cf572c2505e44142e7e7261f917ae6,Trump,Positive
781605527272951808,ef983249ef6ed5de427c4dc19ad6d966c6cf572c2505e44142e7e7261f917ae6,Clinton,Positive
832445405086568448,ef983249ef6ed5de427c4dc19ad6d966c6cf572c2505e44142e7e7261f917ae6,Trump,Positive
779295132466212864,ef983249ef6ed5de427c4dc19ad6d966c6cf572c2505e44142e7e7261f917ae6,Clinton,Neutral
784082406475112448,ef983249ef6ed5de427c4dc19ad6d966c6cf572c2505e44142e7e7261f917ae6,Trump,Negative
775391310257741832,ef983249ef6ed5de427c4dc19ad6d966c6cf572c2505e44142e7e7261f917ae6,Clinton,Positive
768454505193234432,ef983249ef6ed5de427c4dc19ad6d966c6cf572c2505e44142e7e7261f917ae6,Clinton,Negative
774425002192080896,ef983249ef6ed5de427c4dc19ad6d966c6cf572c2505e44142e7e7261f917ae6,Clinton,Positive
825068984970129410,ef983249ef6ed5de427c4dc19ad6d966c6cf572c2505e44142e7e7261f917ae6,Trump,Positive
853877901284057089,ef983249ef6ed5de427c4dc19ad6d966c6cf572c2505e44142e7e7261f917ae6,Trump,Negative
694885819539042304,ef983249ef6ed5de427c4dc19ad6d966c6cf572c2505e44142e7e7261f917ae6,Trump,Negative
857329959567839234,ef983249ef6ed5de427c4dc19ad6d966c6cf572c2505e44142e7e7261f917ae6,Trump,Negative
844248940715360257,ef983249ef6ed5de427c4dc19ad6d966c6cf572c2505e44142e7e7261f917ae6,Trump,Positive
809519525997723649,ef983249ef6ed5de427c4dc19ad6d966c6cf572c2505e44142e7e7261f917ae6,Trump,Positive
777466456535597056,ef983249ef6ed5de427c4dc19ad6d966c6cf572c2505e44142e7e7261f917ae6,Clinton,Negative
833534862279790592,ef983249ef6ed5de427c4dc19ad6d966c6cf572c2505e44142e7e7261f917ae6,Trump,Neutral
832990121960042496,ef983249ef6ed5de427c4dc19ad6d966c6cf572c2505e44142e7e7261f917ae6,Trump,Neutral
796120091511390208,ef983249ef6ed5de427c4dc19ad6d966c6cf572c2505e44142e7e7261f917ae6,Trump,Negative
851698280882896896,ef983249ef6ed5de427c4dc19ad6d966c6cf572c2505e44142e7e7261f917ae6,Trump,Positive
815698784701349889,ef983249ef6ed5de427c4dc19ad6d966c6cf572c2505e44142e7e7261f917ae6,Trump,Negative
831324683748376578,ef983249ef6ed5de427c4dc19ad6d966c6cf572c2505e44142e7e7261f917ae6,Trump,Positive
836984329997807616,ef983249ef6ed5de427c4dc19ad6d966c6cf572c2505e44142e7e7261f917ae6,Trump,Positive
777033017629880320,ef983249ef6ed5de427c4dc19ad6d966c6cf572c2505e44142e7e7261f917ae6,Trump,Positive
781603152038682624,ef983249ef6ed5de427c4dc19ad6d966c6cf572c2505e44142e7e7261f917ae6,Clinton,Positive
850608113979928577,ef983249ef6ed5de427c4dc19ad6d966c6cf572c2505e44142e7e7261f917ae6,Trump,Positive
823979277246955524,ef983249ef6ed5de427c4dc19ad6d966c6cf572c2505e44142e7e7261f917ae6,Trump,Neutral
784093975477100544,ef983249ef6ed5de427c4dc19ad6d966c6cf572c2505e44142e7e7261f917ae6,Trump,Negative
777979696885690369,ef983249ef6ed5de427c4dc19ad6d966c6cf572c2505e44142e7e7261f917ae6,Trump,Positive
774493757471272960,ef983249ef6ed5de427c4dc19ad6d966c6cf572c2505e44142e7e7261f917ae6,Clinton,Negative
836984276570804224,ef983249ef6ed5de427c4dc19ad6d966c6cf572c2505e44142e7e7261f917ae6,Trump,Positive
834806421782937600,ef983249ef6ed5de427c4dc19ad6d966c6cf572c2505e44142e7e7261f917ae6,Trump,Positive
851880267295977474,ef983249ef6ed5de427c4dc19ad6d966c6cf572c2505e44142e7e7261f917ae6,Trump,Positive
842613899539202048,ef983249ef6ed5de427c4dc19ad6d966c6cf572c2505e44142e7e7261f917ae6,Trump,Negative
680030831612571648,ef983249ef6ed5de427c4dc19ad6d966c6cf572c2505e44142e7e7261f917ae6,Trump,Positive
796055524500504576,ef983249ef6ed5de427c4dc19ad6d966c6cf572c2505e44142e7e7261f917ae6,Trump,Positive
737564642600325121,ef983249ef6ed5de427c4dc19ad6d966c6cf572c2505e44142e7e7261f917ae6,Trump,Positive
820890654536507392,ef983249ef6ed5de427c4dc19ad6d966c6cf572c2505e44142e7e7261f917ae6,Trump,Negative
810064129880915968,ef983249ef6ed5de427c4dc19ad6d966c6cf572c2505e44142e7e7261f917ae6,Trump,Positive
768453191092416514,ef983249ef6ed5de427c4dc19ad6d966c6cf572c2505e44142e7e7261f917ae6,Clinton,Positive
850790161625559041,ef983249ef6ed5de427c4dc19ad6d966c6cf572c2505e44142e7e7261f917ae6,Trump,Negative
824887526674403329,ef983249ef6ed5de427c4dc19ad6d966c6cf572c2505e44142e7e7261f917ae6,Trump,Positive
812244193045315585,ef983249ef6ed5de427c4dc19ad6d966c6cf572c2505e44142e7e7261f917ae6,Trump,Positive
835169502635646977,ef983249ef6ed5de427c4dc19ad6d966c6cf572c2505e44142e7e7261f917ae6,Trump,Negative
796055741870252032,ef983249ef6ed5de427c4dc19ad6d966c6cf572c2505e44142e7e7261f917ae6,Trump,Neutral
821253355544735744,ef983249ef6ed5de427c4dc19ad6d966c6cf572c2505e44142e7e7261f917ae6,Trump,Negative
818529455610204160,ef983249ef6ed5de427c4dc19ad6d966c6cf572c2505e44142e7e7261f917ae6,Trump,Positive
625096597706182656,ef983249ef6ed5de427c4dc19ad6d966c6cf572c2505e44142e7e7261f917ae6,Trump,Negative
784097676690350080,ef983249ef6ed5de427c4dc19ad6d966c6cf572c2505e44142e7e7261f917ae6,Clinton,Neutral
777977837139611648,ef983249ef6ed5de427c4dc19ad6d966c6cf572c2505e44142e7e7261f917ae6,Clinton,Positive
776886830109261824,ef983249ef6ed5de427c4dc19ad6d966c6cf572c2505e44142e7e7261f917ae6,Clinton,Negative
851334408258891778,ef983249ef6ed5de427c4dc19ad6d966c6cf572c2505e44142e7e7261f917ae6,Trump,Positive
859146419369803777,ef983249ef6ed5de427c4dc19ad6d966c6cf572c2505e44142e7e7261f917ae6,Trump,Neutral
818711023163211776,ef983249ef6ed5de427c4dc19ad6d966c6cf572c2505e44142e7e7261f917ae6,Clinton,Positive
768453467409043456,ef983249ef6ed5de427c4dc19ad6d966c6cf572c2505e44142e7e7261f917ae6,Clinton,Neutral
829316453996326914,ef983249ef6ed5de427c4dc19ad6d966c6cf572c2505e44142e7e7261f917ae6,Trump,Negative
774925585705336833,ef983249ef6ed5de427c4dc19ad6d966c6cf572c2505e44142e7e7261f917ae6,Trump,Positive
776882728411271170,ef983249ef6ed5de427c4dc19ad6d966c6cf572c2505e44142e7e7261f917ae6,Trump,Neutral
776810911281602560,ef983249ef6ed5de427c4dc19ad6d966c6cf572c2505e44142e7e7261f917ae6,Trump,Positive
843158388649459713,ef983249ef6ed5de427c4dc19ad6d966c6cf572c2505e44142e7e7261f917ae6,Trump,Negative
859328158671278080,ef983249ef6ed5de427c4dc19ad6d966c6cf572c2505e44142e7e7261f917ae6,Trump,Positive
685145325007409152,ef983249ef6ed5de427c4dc19ad6d966c6cf572c2505e44142e7e7261f917ae6,Trump,Positive
847336936209502208,ef983249ef6ed5de427c4dc19ad6d966c6cf572c2505e44142e7e7261f917ae6,Trump,Negative
858419657920872450,ef983249ef6ed5de427c4dc19ad6d966c6cf572c2505e44142e7e7261f917ae6,Trump,Negative
774804946483081216,ef983249ef6ed5de427c4dc19ad6d966c6cf572c2505e44142e7e7261f917ae6,Trump,Positive
774407834108850176,ef983249ef6ed5de427c4dc19ad6d966c6cf572c2505e44142e7e7261f917ae6,Trump,Positive
777251586707951616,ef983249ef6ed5de427c4dc19ad6d966c6cf572c2505e44142e7e7261f917ae6,Trump,Negative
846972954885967872,ef983249ef6ed5de427c4dc19ad6d966c6cf572c2505e44142e7e7261f917ae6,Trump,Negative
796120503144632322,ef983249ef6ed5de427c4dc19ad6d966c6cf572c2505e44142e7e7261f917ae6,Trump,Negative
846973033206157312,ef983249ef6ed5de427c4dc19ad6d966c6cf572c2505e44142e7e7261f917ae6,Clinton,Negative
817878643401752578,ef983249ef6ed5de427c4dc19ad6d966c6cf572c2505e44142e7e7261f917ae6,Trump,Positive
836984366236643329,ef983249ef6ed5de427c4dc19ad6d966c6cf572c2505e44142e7e7261f917ae6,Trump,Positive
777249343627792384,ef983249ef6ed5de427c4dc19ad6d966c6cf572c2505e44142e7e7261f917ae6,Clinton,Negative
777964369330180096,ef983249ef6ed5de427c4dc19ad6d966c6cf572c2505e44142e7e7261f917ae6,Trump,Positive
812426198500438016,ef983249ef6ed5de427c4dc19ad6d966c6cf572c2505e44142e7e7261f917ae6,Trump,Negative
777976691276783616,ef983249ef6ed5de427c4dc19ad6d966c6cf572c2505e44142e7e7261f917ae6,Trump,Negative
846610166330118144,ef983249ef6ed5de427c4dc19ad6d966c6cf572c2505e44142e7e7261f917ae6,Trump,Positive
773985048743649281,ef983249ef6ed5de427c4dc19ad6d966c6cf572c2505e44142e7e7261f917ae6,Trump,Negative
680030577693560832,ef983249ef6ed5de427c4dc19ad6d966c6cf572c2505e44142e7e7261f917ae6,Clinton,Neutral
838799471160983552,ef983249ef6ed5de427c4dc19ad6d966c6cf572c2505e44142e7e7261f917ae6,Trump,Negative
776846909914820608,ef983249ef6ed5de427c4dc19ad6d966c6cf572c2505e44142e7e7261f917ae6,Trump,Neutral
781539226525597696,ef983249ef6ed5de427c4dc19ad6d966c6cf572c2505e44142e7e7261f917ae6,Trump,Positive
826703734956761088,ef983249ef6ed5de427c4dc19ad6d966c6cf572c2505e44142e7e7261f917ae6,Trump,Negative
784109990546055168,ef983249ef6ed5de427c4dc19ad6d966c6cf572c2505e44142e7e7261f917ae6,Trump,Neutral
858601083043815424,ef983249ef6ed5de427c4dc19ad6d966c6cf572c2505e44142e7e7261f917ae6,Trump,Negative
806792541106356227,ef983249ef6ed5de427c4dc19ad6d966c6cf572c2505e44142e7e7261f917ae6,Trump,Negative
777571525020884992,ef983249ef6ed5de427c4dc19ad6d966c6cf572c2505e44142e7e7261f917ae6,Trump,Negative
774373119981084673,ef983249ef6ed5de427c4dc19ad6d966c6cf572c2505e44142e7e7261f917ae6,Trump,Neutral
829134781896081408,ef983249ef6ed5de427c4dc19ad6d966c6cf572c2505e44142e7e7261f917ae6,Trump,Negative
827248341104852992,ef983249ef6ed5de427c4dc19ad6d966c6cf572c2505e44142e7e7261f917ae6,Trump,Negative
774580491211120641,ef983249ef6ed5de427c4dc19ad6d966c6cf572c2505e44142e7e7261f917ae6,Clinton,Negative
833535173941686274,ef983249ef6ed5de427c4dc19ad6d966c6cf572c2505e44142e7e7261f917ae6,Trump,Positive
858056824381214721,ef983249ef6ed5de427c4dc19ad6d966c6cf572c2505e44142e7e7261f917ae6,Trump,Negative
777121250963513348,ef983249ef6ed5de427c4dc19ad6d966c6cf572c2505e44142e7e7261f917ae6,Trump,Positive
809519595749044224,ef983249ef6ed5de427c4dc19ad6d966c6cf572c2505e44142e7e7261f917ae6,Trump,Neutral
843885780573609984,ef983249ef6ed5de427c4dc19ad6d966c6cf572c2505e44142e7e7261f917ae6,Trump,Negative
777965783725080576,ef983249ef6ed5de427c4dc19ad6d966c6cf572c2505e44142e7e7261f917ae6,Trump,Positive
815335338700840960,ef983249ef6ed5de427c4dc19ad6d966c6cf572c2505e44142e7e7261f917ae6,Trump,Negative
681902142068670464,ef983249ef6ed5de427c4dc19ad6d966c6cf572c2505e44142e7e7261f917ae6,Trump,Negative
781558590612144128,ef983249ef6ed5de427c4dc19ad6d966c6cf572c2505e44142e7e7261f917ae6,Clinton,Positive
858601065654235136,ef983249ef6ed5de427c4dc19ad6d966c6cf572c2505e44142e7e7261f917ae6,Trump,Neutral
824342722349846529,ef983249ef6ed5de427c4dc19ad6d966c6cf572c2505e44142e7e7261f917ae6,Trump,Neutral
836984259206316033,ef983249ef6ed5de427c4dc19ad6d966c6cf572c2505e44142e7e7261f917ae6,Trump,Positive
848063996821463041,ef983249ef6ed5de427c4dc19ad6d966c6cf572c2505e44142e7e7261f917ae6,Trump,Negative
836628560093802497,ef983249ef6ed5de427c4dc19ad6d966c6cf572c2505e44142e7e7261f917ae6,Trump,Negative
847336955641602048,ef983249ef6ed5de427c4dc19ad6d966c6cf572c2505e44142e7e7261f917ae6,Trump,Neutral
776885404578439169,ef983249ef6ed5de427c4dc19ad6d966c6cf572c2505e44142e7e7261f917ae6,Trump,Positive
823071363615326208,ef983249ef6ed5de427c4dc19ad6d966c6cf572c2505e44142e7e7261f917ae6,Trump,Negative
857148303380803584,ef983249ef6ed5de427c4dc19ad6d966c6cf572c2505e44142e7e7261f917ae6,Trump,Positive
806248821852401665,ef983249ef6ed5de427c4dc19ad6d966c6cf572c2505e44142e7e7261f917ae6,Trump,Negative
782694132913430528,ef983249ef6ed5de427c4dc19ad6d966c6cf572c2505e44142e7e7261f917ae6,Trump,Negative
784107627722772481,ef983249ef6ed5de427c4dc19ad6d966c6cf572c2505e44142e7e7261f917ae6,Trump,Positive
777465669566754816,ef983249ef6ed5de427c4dc19ad6d966c6cf572c2505e44142e7e7261f917ae6,Trump,Positive
781603541605576709,ef983249ef6ed5de427c4dc19ad6d966c6cf572c2505e44142e7e7261f917ae6,Clinton,Negative
681902112154849280,ef983249ef6ed5de427c4dc19ad6d966c6cf572c2505e44142e7e7261f917ae6,Trump,Neutral
796068073128230912,ef983249ef6ed5de427c4dc19ad6d966c6cf572c2505e44142e7e7261f917ae6,Clinton,Negative
844067236537155584,ef983249ef6ed5de427c4dc19ad6d966c6cf572c2505e44142e7e7261f917ae6,Trump,Positive
829497957368094721,ef983249ef6ed5de427c4dc19ad6d966c6cf572c2505e44142e7e7261f917ae6,Trump,Negative
781751984235827200,ef983249ef6ed5de427c4dc19ad6d966c6cf572c2505e44142e7e7261f917ae6,Clinton,Negative
774822169142591490,ef983249ef6ed5de427c4dc19ad6d966c6cf572c2505e44142e7e7261f917ae6,Trump,Positive
784083667714879489,ef983249ef6ed5de427c4dc19ad6d966c6cf572c2505e44142e7e7261f917ae6,Clinton,Negative
777977311501160448,ef983249ef6ed5de427c4dc19ad6d966c6cf572c2505e44142e7e7261f917ae6,Clinton,Negative
768453354372542464,ef983249ef6ed5de427c4dc19ad6d966c6cf572c2505e44142e7e7261f917ae6,Clinton,Positive
840070091744071681,ef983249ef6ed5de427c4dc19ad6d966c6cf572c2505e44142e7e7261f917ae6,Trump,Positive
781602901030502400,ef983249ef6ed5de427c4dc19ad6d966c6cf572c2505e44142e7e7261f917ae6,Clinton,Positive
849517717870825472,ef983249ef6ed5de427c4dc19ad6d966c6cf572c2505e44142e7e7261f917ae6,Trump,Negative
777246420193554432,ef983249ef6ed5de427c4dc19ad6d966c6cf572c2505e44142e7e7261f917ae6,Trump,Positive
838073047013814272,ef983249ef6ed5de427c4dc19ad6d966c6cf572c2505e44142e7e7261f917ae6,Trump,Positive
784109738145480704,ef983249ef6ed5de427c4dc19ad6d966c6cf572c2505e44142e7e7261f917ae6,Trump,Neutral
774631974975582210,ef983249ef6ed5de427c4dc19ad6d966c6cf572c2505e44142e7e7261f917ae6,Trump,Neutral
816243617320804352,ef983249ef6ed5de427c4dc19ad6d966c6cf572c2505e44142e7e7261f917ae6,Trump,Negative
822344167506538496,ef983249ef6ed5de427c4dc19ad6d966c6cf572c2505e44142e7e7261f917ae6,Trump,Negative
777965375745036289,ef983249ef6ed5de427c4dc19ad6d966c6cf572c2505e44142e7e7261f917ae6,Clinton,Neutral
847882187785592832,ef983249ef6ed5de427c4dc19ad6d966c6cf572c2505e44142e7e7261f917ae6,Trump,Negative
842977002248458240,ef983249ef6ed5de427c4dc19ad6d966c6cf572c2505e44142e7e7261f917ae6,Trump,Positive
777306964615462912,ef983249ef6ed5de427c4dc19ad6d966c6cf572c2505e44142e7e7261f917ae6,Trump,Negative
