887436160842293248,3c46bd68165bb49be66c657de7f09b1cbd130e65934abd29f5aec28e2a86d43d,Trump,Positive
842174007529082882,3c46bd68165bb49be66c657de7f09b1cbd130e65934abd29f5aec28e2a86d43d,Trump,Positive
824746241355546624,3c46bd68165bb49be66c657de7f09b1cbd130e65934abd29f5aec28e2a86d43d,Trump,Negative
798510141561798656,3c46bd68165bb49be66c657de7f09b1cbd130e65934abd29f5aec28e2a86d43d,Trump,Positive
847828340518133760,3c46bd68165bb49be66c657de7f09b1cbd130e65934abd29f5aec28e2a86d43d,Trump,Positive
790302070523961344,3c46bd68165bb49be66c657de7f09b1cbd130e65934abd29f5aec28e2a86d43d,Trump,Neutral
857819420374298626,3c46bd68165bb49be66c657de7f09b1cbd130e65934abd29f5aec28e2a86d43d,Trump,Negative
889515651433365504,3c46bd68165bb49be66c657de7f09b1cbd130e65934abd29f5aec28e2a86d43d,Trump,Neutral
844604667015417858,3c46bd68165bb49be66c657de7f09b1cbd130e65934abd29f5aec28e2a86d43d,Trump,Negative
794193190920323072,3c46bd68165bb49be66c657de7f09b1cbd130e65934abd29f5aec28e2a86d43d,Trump,Positive
833850095128948737,3c46bd68165bb49be66c657de7f09b1cbd130e65934abd29f5aec28e2a86d43d,Trump,Negative
853426064680509440,3c46bd68165bb49be66c657de7f09b1cbd130e65934abd29f5aec28e2a86d43d,Trump,Negative
820128415286181888,3c46bd68165bb49be66c657de7f09b1cbd130e65934abd29f5aec28e2a86d43d,Trump,Positive
799300353720197121,3c46bd68165bb49be66c657de7f09b1cbd130e65934abd29f5aec28e2a86d43d,Trump,Negative
828961163413159936,3c46bd68165bb49be66c657de7f09b1cbd130e65934abd29f5aec28e2a86d43d,Trump,Positive
853426119042846720,3c46bd68165bb49be66c657de7f09b1cbd130e65934abd29f5aec28e2a86d43d,Trump,Negative
795287088132395008,3c46bd68165bb49be66c657de7f09b1cbd130e65934abd29f5aec28e2a86d43d,Clinton,Negative
853852263646994432,3c46bd68165bb49be66c657de7f09b1cbd130e65934abd29f5aec28e2a86d43d,Trump,Negative
815822002883796992,3c46bd68165bb49be66c657de7f09b1cbd130e65934abd29f5aec28e2a86d43d,Trump,Negative
712832107735678976,3c46bd68165bb49be66c657de7f09b1cbd130e65934abd29f5aec28e2a86d43d,Trump,Positive
884705262665433088,3c46bd68165bb49be66c657de7f09b1cbd130e65934abd29f5aec28e2a86d43d,Trump,Negative
791092120106962944,3c46bd68165bb49be66c657de7f09b1cbd130e65934abd29f5aec28e2a86d43d,Trump,Neutral
786780043284361216,3c46bd68165bb49be66c657de7f09b1cbd130e65934abd29f5aec28e2a86d43d,Trump,Positive
792614827625619456,3c46bd68165bb49be66c657de7f09b1cbd130e65934abd29f5aec28e2a86d43d,Trump,Negative
807053197483343872,3c46bd68165bb49be66c657de7f09b1cbd130e65934abd29f5aec28e2a86d43d,Trump,Positive
803015609734729728,3c46bd68165bb49be66c657de7f09b1cbd130e65934abd29f5aec28e2a86d43d,Trump,Negative
784017817091792897,3c46bd68165bb49be66c657de7f09b1cbd130e65934abd29f5aec28e2a86d43d,Trump,Neutral
827421735674793984,3c46bd68165bb49be66c657de7f09b1cbd130e65934abd29f5aec28e2a86d43d,Trump,Negative
821038885690019844,3c46bd68165bb49be66c657de7f09b1cbd130e65934abd29f5aec28e2a86d43d,Trump,Neutral
785201709224169472,3c46bd68165bb49be66c657de7f09b1cbd130e65934abd29f5aec28e2a86d43d,Trump,Negative
820978229670531072,3c46bd68165bb49be66c657de7f09b1cbd130e65934abd29f5aec28e2a86d43d,Trump,Neutral
830479713550348289,3c46bd68165bb49be66c657de7f09b1cbd130e65934abd29f5aec28e2a86d43d,Trump,Neutral
831600836337885185,3c46bd68165bb49be66c657de7f09b1cbd130e65934abd29f5aec28e2a86d43d,Trump,Neutral
790727603825025024,3c46bd68165bb49be66c657de7f09b1cbd130e65934abd29f5aec28e2a86d43d,Clinton,Positive
817952044002791424,3c46bd68165bb49be66c657de7f09b1cbd130e65934abd29f5aec28e2a86d43d,Trump,Positive
789936640089329664,3c46bd68165bb49be66c657de7f09b1cbd130e65934abd29f5aec28e2a86d43d,Trump,Neutral
883367953022025729,3c46bd68165bb49be66c657de7f09b1cbd130e65934abd29f5aec28e2a86d43d,Trump,Positive
818390740669726720,3c46bd68165bb49be66c657de7f09b1cbd130e65934abd29f5aec28e2a86d43d,Clinton,Neutral
808765990121177088,3c46bd68165bb49be66c657de7f09b1cbd130e65934abd29f5aec28e2a86d43d,Trump,Neutral
796381125295931392,3c46bd68165bb49be66c657de7f09b1cbd130e65934abd29f5aec28e2a86d43d,Trump,Negative
823043446143406080,3c46bd68165bb49be66c657de7f09b1cbd130e65934abd29f5aec28e2a86d43d,Trump,Neutral
806129078575255552,3c46bd68165bb49be66c657de7f09b1cbd130e65934abd29f5aec28e2a86d43d,Trump,Positive
831338013649207296,3c46bd68165bb49be66c657de7f09b1cbd130e65934abd29f5aec28e2a86d43d,Trump,Negative
890062431816474624,3c46bd68165bb49be66c657de7f09b1cbd130e65934abd29f5aec28e2a86d43d,Trump,Negative
831392152047513601,3c46bd68165bb49be66c657de7f09b1cbd130e65934abd29f5aec28e2a86d43d,Trump,Negative
808522579657035781,3c46bd68165bb49be66c657de7f09b1cbd130e65934abd29f5aec28e2a86d43d,Trump,Positive
814056210626465792,3c46bd68165bb49be66c657de7f09b1cbd130e65934abd29f5aec28e2a86d43d,Trump,Negative
834640200659828736,3c46bd68165bb49be66c657de7f09b1cbd130e65934abd29f5aec28e2a86d43d,Trump,Positive
845455870939009024,3c46bd68165bb49be66c657de7f09b1cbd130e65934abd29f5aec28e2a86d43d,Trump,Positive
883003557246636032,3c46bd68165bb49be66c657de7f09b1cbd130e65934abd29f5aec28e2a86d43d,Trump,Negative
823408244194496512,3c46bd68165bb49be66c657de7f09b1cbd130e65934abd29f5aec28e2a86d43d,Trump,Neutral
820311015892090880,3c46bd68165bb49be66c657de7f09b1cbd130e65934abd29f5aec28e2a86d43d,Trump,Negative
834032367870304256,3c46bd68165bb49be66c657de7f09b1cbd130e65934abd29f5aec28e2a86d43d,Trump,Negative
826630036916674560,3c46bd68165bb49be66c657de7f09b1cbd130e65934abd29f5aec28e2a86d43d,Trump,Negative
860190513080799233,3c46bd68165bb49be66c657de7f09b1cbd130e65934abd29f5aec28e2a86d43d,Trump,Positive
846731364896530433,3c46bd68165bb49be66c657de7f09b1cbd130e65934abd29f5aec28e2a86d43d,Trump,Positive
792796528050073601,3c46bd68165bb49be66c657de7f09b1cbd130e65934abd29f5aec28e2a86d43d,Trump,Positive
831966826728939524,3c46bd68165bb49be66c657de7f09b1cbd130e65934abd29f5aec28e2a86d43d,Trump,Positive
818608693843468288,3c46bd68165bb49be66c657de7f09b1cbd130e65934abd29f5aec28e2a86d43d,Trump,Negative
817526003069255680,3c46bd68165bb49be66c657de7f09b1cbd130e65934abd29f5aec28e2a86d43d,Trump,Positive
803502180242259970,3c46bd68165bb49be66c657de7f09b1cbd130e65934abd29f5aec28e2a86d43d,Trump,Positive
793160556714790912,3c46bd68165bb49be66c657de7f09b1cbd130e65934abd29f5aec28e2a86d43d,Clinton,Negative
794071737193340929,3c46bd68165bb49be66c657de7f09b1cbd130e65934abd29f5aec28e2a86d43d,Trump,Positive
830965011518459905,3c46bd68165bb49be66c657de7f09b1cbd130e65934abd29f5aec28e2a86d43d,Trump,Neutral
856844526882836480,3c46bd68165bb49be66c657de7f09b1cbd130e65934abd29f5aec28e2a86d43d,Trump,Negative
806745650138222592,3c46bd68165bb49be66c657de7f09b1cbd130e65934abd29f5aec28e2a86d43d,Trump,Positive
857819441190637569,3c46bd68165bb49be66c657de7f09b1cbd130e65934abd29f5aec28e2a86d43d,Trump,Negative
729353591308361732,3c46bd68165bb49be66c657de7f09b1cbd130e65934abd29f5aec28e2a86d43d,Trump,Negative
798083348493045760,3c46bd68165bb49be66c657de7f09b1cbd130e65934abd29f5aec28e2a86d43d,Trump,Negative
813569939521097728,3c46bd68165bb49be66c657de7f09b1cbd130e65934abd29f5aec28e2a86d43d,Trump,Negative
852635993941434369,3c46bd68165bb49be66c657de7f09b1cbd130e65934abd29f5aec28e2a86d43d,Trump,Positive
833485376308277248,3c46bd68165bb49be66c657de7f09b1cbd130e65934abd29f5aec28e2a86d43d,Trump,Positive
856905810064134147,3c46bd68165bb49be66c657de7f09b1cbd130e65934abd29f5aec28e2a86d43d,Trump,Neutral
855192199079895045,3c46bd68165bb49be66c657de7f09b1cbd130e65934abd29f5aec28e2a86d43d,Trump,Positive
856408247993085952,3c46bd68165bb49be66c657de7f09b1cbd130e65934abd29f5aec28e2a86d43d,Trump,Negative
842173985785839616,3c46bd68165bb49be66c657de7f09b1cbd130e65934abd29f5aec28e2a86d43d,Trump,Positive
886101640125849605,3c46bd68165bb49be66c657de7f09b1cbd130e65934abd29f5aec28e2a86d43d,Trump,Positive
825049801079259138,3c46bd68165bb49be66c657de7f09b1cbd130e65934abd29f5aec28e2a86d43d,Trump,Positive
807974128871469056,3c46bd68165bb49be66c657de7f09b1cbd130e65934abd29f5aec28e2a86d43d,Trump,Neutral
814238541375008769,3c46bd68165bb49be66c657de7f09b1cbd130e65934abd29f5aec28e2a86d43d,Trump,Positive
886283614962503680,3c46bd68165bb49be66c657de7f09b1cbd130e65934abd29f5aec28e2a86d43d,Trump,Positive
817647793531719680,3c46bd68165bb49be66c657de7f09b1cbd130e65934abd29f5aec28e2a86d43d,Trump,Negative
846184370486607872,3c46bd68165bb49be66c657de7f09b1cbd130e65934abd29f5aec28e2a86d43d,Trump,Positive
844361313161822208,3c46bd68165bb49be66c657de7f09b1cbd130e65934abd29f5aec28e2a86d43d,Trump,Neutral
829204436710985730,3c46bd68165bb49be66c657de7f09b1cbd130e65934abd29f5aec28e2a86d43d,Trump,Negative
784095189740711936,3c46bd68165bb49be66c657de7f09b1cbd130e65934abd29f5aec28e2a86d43d,Trump,Positive
822618546983280643,3c46bd68165bb49be66c657de7f09b1cbd130e65934abd29f5aec28e2a86d43d,Trump,Positive
784018404353146881,3c46bd68165bb49be66c657de7f09b1cbd130e65934abd29f5aec28e2a86d43d,Trump,Negative
837070279436218368,3c46bd68165bb49be66c657de7f09b1cbd130e65934abd29f5aec28e2a86d43d,Trump,Neutral
788236706453590016,3c46bd68165bb49be66c657de7f09b1cbd130e65934abd29f5aec28e2a86d43d,Clinton,Negative
822009806936559616,3c46bd68165bb49be66c657de7f09b1cbd130e65934abd29f5aec28e2a86d43d,Trump,Neutral
832937873032826881,3c46bd68165bb49be66c657de7f09b1cbd130e65934abd29f5aec28e2a86d43d,Trump,Positive
830843463654633473,3c46bd68165bb49be66c657de7f09b1cbd130e65934abd29f5aec28e2a86d43d,Trump,Positive
829508567493443585,3c46bd68165bb49be66c657de7f09b1cbd130e65934abd29f5aec28e2a86d43d,Trump,Negative
856103848494211073,3c46bd68165bb49be66c657de7f09b1cbd130e65934abd29f5aec28e2a86d43d,Trump,Negative
800881291679830016,3c46bd68165bb49be66c657de7f09b1cbd130e65934abd29f5aec28e2a86d43d,Trump,Negative
821888287275106304,3c46bd68165bb49be66c657de7f09b1cbd130e65934abd29f5aec28e2a86d43d,Trump,Positive
708470051469307904,3c46bd68165bb49be66c657de7f09b1cbd130e65934abd29f5aec28e2a86d43d,Trump,Negative
786416040557187072,3c46bd68165bb49be66c657de7f09b1cbd130e65934abd29f5aec28e2a86d43d,Trump,Negative
784202074632269824,3c46bd68165bb49be66c657de7f09b1cbd130e65934abd29f5aec28e2a86d43d,Clinton,Negative
787994558625935361,3c46bd68165bb49be66c657de7f09b1cbd130e65934abd29f5aec28e2a86d43d,Trump,Positive
806745670941933568,3c46bd68165bb49be66c657de7f09b1cbd130e65934abd29f5aec28e2a86d43d,Trump,Positive
843572106931687424,3c46bd68165bb49be66c657de7f09b1cbd130e65934abd29f5aec28e2a86d43d,Trump,Negative
792918307389247488,3c46bd68165bb49be66c657de7f09b1cbd130e65934abd29f5aec28e2a86d43d,Trump,Neutral
832816561643732992,3c46bd68165bb49be66c657de7f09b1cbd130e65934abd29f5aec28e2a86d43d,Trump,Positive
784037581050744833,3c46bd68165bb49be66c657de7f09b1cbd130e65934abd29f5aec28e2a86d43d,Trump,Positive
839863310732394497,3c46bd68165bb49be66c657de7f09b1cbd130e65934abd29f5aec28e2a86d43d,Trump,Positive
816796478190526464,3c46bd68165bb49be66c657de7f09b1cbd130e65934abd29f5aec28e2a86d43d,Trump,Positive
843208098319925248,3c46bd68165bb49be66c657de7f09b1cbd130e65934abd29f5aec28e2a86d43d,Trump,Positive
784124252580642816,3c46bd68165bb49be66c657de7f09b1cbd130e65934abd29f5aec28e2a86d43d,Trump,Negative
885008748393222144,3c46bd68165bb49be66c657de7f09b1cbd130e65934abd29f5aec28e2a86d43d,Trump,Negative
887072331817943041,3c46bd68165bb49be66c657de7f09b1cbd130e65934abd29f5aec28e2a86d43d,Trump,Neutral
811808351218782208,3c46bd68165bb49be66c657de7f09b1cbd130e65934abd29f5aec28e2a86d43d,Trump,Positive
788722288870977536,3c46bd68165bb49be66c657de7f09b1cbd130e65934abd29f5aec28e2a86d43d,Trump,Positive
812354417026539520,3c46bd68165bb49be66c657de7f09b1cbd130e65934abd29f5aec28e2a86d43d,Trump,Positive
837373858231554048,3c46bd68165bb49be66c657de7f09b1cbd130e65934abd29f5aec28e2a86d43d,Trump,Negative
886344263675596800,3c46bd68165bb49be66c657de7f09b1cbd130e65934abd29f5aec28e2a86d43d,Trump,Positive
887496812155854849,3c46bd68165bb49be66c657de7f09b1cbd130e65934abd29f5aec28e2a86d43d,Trump,Positive
832573312245125120,3c46bd68165bb49be66c657de7f09b1cbd130e65934abd29f5aec28e2a86d43d,Trump,Negative
837130756208082944,3c46bd68165bb49be66c657de7f09b1cbd130e65934abd29f5aec28e2a86d43d,Trump,Neutral
790302049640513537,3c46bd68165bb49be66c657de7f09b1cbd130e65934abd29f5aec28e2a86d43d,Trump,Neutral
853974368124383233,3c46bd68165bb49be66c657de7f09b1cbd130e65934abd29f5aec28e2a86d43d,Trump,Negative
830964988726616064,3c46bd68165bb49be66c657de7f09b1cbd130e65934abd29f5aec28e2a86d43d,Trump,Neutral
839013385467473921,3c46bd68165bb49be66c657de7f09b1cbd130e65934abd29f5aec28e2a86d43d,Trump,Positive
837070303016583168,3c46bd68165bb49be66c657de7f09b1cbd130e65934abd29f5aec28e2a86d43d,Trump,Positive
745302657401782273,3c46bd68165bb49be66c657de7f09b1cbd130e65934abd29f5aec28e2a86d43d,Trump,Positive
844544159709057024,3c46bd68165bb49be66c657de7f09b1cbd130e65934abd29f5aec28e2a86d43d,Trump,Positive
786233488735207425,3c46bd68165bb49be66c657de7f09b1cbd130e65934abd29f5aec28e2a86d43d,Trump,Positive
788661630825558016,3c46bd68165bb49be66c657de7f09b1cbd130e65934abd29f5aec28e2a86d43d,Trump,Negative
798875071024656384,3c46bd68165bb49be66c657de7f09b1cbd130e65934abd29f5aec28e2a86d43d,Trump,Negative
814665459966627840,3c46bd68165bb49be66c657de7f09b1cbd130e65934abd29f5aec28e2a86d43d,Trump,Positive
886890375117406208,3c46bd68165bb49be66c657de7f09b1cbd130e65934abd29f5aec28e2a86d43d,Trump,Positive
804535099798720512,3c46bd68165bb49be66c657de7f09b1cbd130e65934abd29f5aec28e2a86d43d,Trump,Negative
823104440056025088,3c46bd68165bb49be66c657de7f09b1cbd130e65934abd29f5aec28e2a86d43d,Trump,Neutral
784256658864078848,3c46bd68165bb49be66c657de7f09b1cbd130e65934abd29f5aec28e2a86d43d,Trump,Positive
849225761936551937,3c46bd68165bb49be66c657de7f09b1cbd130e65934abd29f5aec28e2a86d43d,Trump,Negative
826264871104831488,3c46bd68165bb49be66c657de7f09b1cbd130e65934abd29f5aec28e2a86d43d,Trump,Neutral
832937852598116352,3c46bd68165bb49be66c657de7f09b1cbd130e65934abd29f5aec28e2a86d43d,Trump,Positive
846549166994198533,3c46bd68165bb49be66c657de7f09b1cbd130e65934abd29f5aec28e2a86d43d,Trump,Positive
831723456211320833,3c46bd68165bb49be66c657de7f09b1cbd130e65934abd29f5aec28e2a86d43d,Trump,Negative
788965078427107328,3c46bd68165bb49be66c657de7f09b1cbd130e65934abd29f5aec28e2a86d43d,Clinton,Positive
842356370351509505,3c46bd68165bb49be66c657de7f09b1cbd130e65934abd29f5aec28e2a86d43d,Trump,Positive
803866450213695488,3c46bd68165bb49be66c657de7f09b1cbd130e65934abd29f5aec28e2a86d43d,Trump,Negative
819642654782816260,3c46bd68165bb49be66c657de7f09b1cbd130e65934abd29f5aec28e2a86d43d,Trump,Negative
890479727739375616,3c46bd68165bb49be66c657de7f09b1cbd130e65934abd29f5aec28e2a86d43d,Trump,Neutral
832026440577200129,3c46bd68165bb49be66c657de7f09b1cbd130e65934abd29f5aec28e2a86d43d,Trump,Negative
843511505127653380,3c46bd68165bb49be66c657de7f09b1cbd130e65934abd29f5aec28e2a86d43d,Trump,Positive
885008777132609536,3c46bd68165bb49be66c657de7f09b1cbd130e65934abd29f5aec28e2a86d43d,Trump,Positive
828778906601848833,3c46bd68165bb49be66c657de7f09b1cbd130e65934abd29f5aec28e2a86d43d,Trump,Neutral
785140983532957697,3c46bd68165bb49be66c657de7f09b1cbd130e65934abd29f5aec28e2a86d43d,Trump,Neutral
797353068727848960,3c46bd68165bb49be66c657de7f09b1cbd130e65934abd29f5aec28e2a86d43d,Trump,Positive
825171440689414144,3c46bd68165bb49be66c657de7f09b1cbd130e65934abd29f5aec28e2a86d43d,Trump,Positive
792796507476987906,3c46bd68165bb49be66c657de7f09b1cbd130e65934abd29f5aec28e2a86d43d,Trump,Positive
797049455539265536,3c46bd68165bb49be66c657de7f09b1cbd130e65934abd29f5aec28e2a86d43d,Trump,Positive
789207583940718593,3c46bd68165bb49be66c657de7f09b1cbd130e65934abd29f5aec28e2a86d43d,Clinton,Positive
748210417386807297,3c46bd68165bb49be66c657de7f09b1cbd130e65934abd29f5aec28e2a86d43d,Trump,Neutral
857637383717744640,3c46bd68165bb49be66c657de7f09b1cbd130e65934abd29f5aec28e2a86d43d,Trump,Negative
849043908193640448,3c46bd68165bb49be66c657de7f09b1cbd130e65934abd29f5aec28e2a86d43d,Trump,Positive
823955566712262656,3c46bd68165bb49be66c657de7f09b1cbd130e65934abd29f5aec28e2a86d43d,Trump,Negative
858062586226585600,3c46bd68165bb49be66c657de7f09b1cbd130e65934abd29f5aec28e2a86d43d,Trump,Positive
787812105470697472,3c46bd68165bb49be66c657de7f09b1cbd130e65934abd29f5aec28e2a86d43d,Trump,Neutral
785627277652398080,3c46bd68165bb49be66c657de7f09b1cbd130e65934abd29f5aec28e2a86d43d,Trump,Negative
800517067489366016,3c46bd68165bb49be66c657de7f09b1cbd130e65934abd29f5aec28e2a86d43d,Trump,Negative
853000333001412608,3c46bd68165bb49be66c657de7f09b1cbd130e65934abd29f5aec28e2a86d43d,Trump,Positive
846366592413917184,3c46bd68165bb49be66c657de7f09b1cbd130e65934abd29f5aec28e2a86d43d,Trump,Positive
746752476012027905,3c46bd68165bb49be66c657de7f09b1cbd130e65934abd29f5aec28e2a86d43d,Trump,Neutral
813023099016908801,3c46bd68165bb49be66c657de7f09b1cbd130e65934abd29f5aec28e2a86d43d,Trump,Negative
708843837758701570,3c46bd68165bb49be66c657de7f09b1cbd130e65934abd29f5aec28e2a86d43d,Trump,Negative
829447798361726976,3c46bd68165bb49be66c657de7f09b1cbd130e65934abd29f5aec28e2a86d43d,Trump,Negative
816796457785262080,3c46bd68165bb49be66c657de7f09b1cbd130e65934abd29f5aec28e2a86d43d,Trump,Negative
811565632202358784,3c46bd68165bb49be66c657de7f09b1cbd130e65934abd29f5aec28e2a86d43d,Trump,Negative
784094077415485440,3c46bd68165bb49be66c657de7f09b1cbd130e65934abd29f5aec28e2a86d43d,Trump,Neutral
824138124989202432,3c46bd68165bb49be66c657de7f09b1cbd130e65934abd29f5aec28e2a86d43d,Trump,Positive
832573289453256706,3c46bd68165bb49be66c657de7f09b1cbd130e65934abd29f5aec28e2a86d43d,Trump,Negative
801611350225125376,3c46bd68165bb49be66c657de7f09b1cbd130e65934abd29f5aec28e2a86d43d,Trump,Positive
740547906210516993,3c46bd68165bb49be66c657de7f09b1cbd130e65934abd29f5aec28e2a86d43d,Trump,Neutral
807974110634590208,3c46bd68165bb49be66c657de7f09b1cbd130e65934abd29f5aec28e2a86d43d,Trump,Positive
817769884222451713,3c46bd68165bb49be66c657de7f09b1cbd130e65934abd29f5aec28e2a86d43d,Trump,Positive
822557639892680707,3c46bd68165bb49be66c657de7f09b1cbd130e65934abd29f5aec28e2a86d43d,Trump,Positive
802589293281767424,3c46bd68165bb49be66c657de7f09b1cbd130e65934abd29f5aec28e2a86d43d,Trump,Positive
733666294428491776,3c46bd68165bb49be66c657de7f09b1cbd130e65934abd29f5aec28e2a86d43d,Clinton,Neutral
855497132001964033,3c46bd68165bb49be66c657de7f09b1cbd130e65934abd29f5aec28e2a86d43d,Trump,Positive
826082574879555585,3c46bd68165bb49be66c657de7f09b1cbd130e65934abd29f5aec28e2a86d43d,Trump,Negative
884097149117620228,3c46bd68165bb49be66c657de7f09b1cbd130e65934abd29f5aec28e2a86d43d,Trump,Negative
789086164342931456,3c46bd68165bb49be66c657de7f09b1cbd130e65934abd29f5aec28e2a86d43d,Trump,Negative
784154617454039041,3c46bd68165bb49be66c657de7f09b1cbd130e65934abd29f5aec28e2a86d43d,Trump,Neutral
730908106884972544,3c46bd68165bb49be66c657de7f09b1cbd130e65934abd29f5aec28e2a86d43d,Trump,Positive
797535489192525825,3c46bd68165bb49be66c657de7f09b1cbd130e65934abd29f5aec28e2a86d43d,Trump,Negative
793707643852423168,3c46bd68165bb49be66c657de7f09b1cbd130e65934abd29f5aec28e2a86d43d,Trump,Neutral
852635975952084992,3c46bd68165bb49be66c657de7f09b1cbd130e65934abd29f5aec28e2a86d43d,Trump,Negative
837434555032342530,3c46bd68165bb49be66c657de7f09b1cbd130e65934abd29f5aec28e2a86d43d,Trump,Negative
808157271301779457,3c46bd68165bb49be66c657de7f09b1cbd130e65934abd29f5aec28e2a86d43d,Trump,Neutral
798996368304066561,3c46bd68165bb49be66c657de7f09b1cbd130e65934abd29f5aec28e2a86d43d,Trump,Positive
791456696002605060,3c46bd68165bb49be66c657de7f09b1cbd130e65934abd29f5aec28e2a86d43d,Trump,Positive
860069070124838912,3c46bd68165bb49be66c657de7f09b1cbd130e65934abd29f5aec28e2a86d43d,Trump,Negative
806377431598821376,3c46bd68165bb49be66c657de7f09b1cbd130e65934abd29f5aec28e2a86d43d,Trump,Positive
807419334696075265,3c46bd68165bb49be66c657de7f09b1cbd130e65934abd29f5aec28e2a86d43d,Trump,Negative
800577849300287488,3c46bd68165bb49be66c657de7f09b1cbd130e65934abd29f5aec28e2a86d43d,Trump,Negative
857272075064676353,3c46bd68165bb49be66c657de7f09b1cbd130e65934abd29f5aec28e2a86d43d,Trump,Negative
820674820518117377,3c46bd68165bb49be66c657de7f09b1cbd130e65934abd29f5aec28e2a86d43d,Trump,Negative
882760324851564546,3c46bd68165bb49be66c657de7f09b1cbd130e65934abd29f5aec28e2a86d43d,Trump,Negative
821585269161869312,3c46bd68165bb49be66c657de7f09b1cbd130e65934abd29f5aec28e2a86d43d,Trump,Positive
823226104693530624,3c46bd68165bb49be66c657de7f09b1cbd130e65934abd29f5aec28e2a86d43d,Trump,Neutral
709213940144840704,3c46bd68165bb49be66c657de7f09b1cbd130e65934abd29f5aec28e2a86d43d,Trump,Negative
883489224783212545,3c46bd68165bb49be66c657de7f09b1cbd130e65934abd29f5aec28e2a86d43d,Trump,Negative
841807985919852544,3c46bd68165bb49be66c657de7f09b1cbd130e65934abd29f5aec28e2a86d43d,Trump,Negative
833120808939687937,3c46bd68165bb49be66c657de7f09b1cbd130e65934abd29f5aec28e2a86d43d,Trump,Positive
790788627756384256,3c46bd68165bb49be66c657de7f09b1cbd130e65934abd29f5aec28e2a86d43d,Trump,Neutral
830782833065091073,3c46bd68165bb49be66c657de7f09b1cbd130e65934abd29f5aec28e2a86d43d,Trump,Negative
785505495117422592,3c46bd68165bb49be66c657de7f09b1cbd130e65934abd29f5aec28e2a86d43d,Trump,Positive
822436105438035968,3c46bd68165bb49be66c657de7f09b1cbd130e65934abd29f5aec28e2a86d43d,Trump,Positive
818974587983691777,3c46bd68165bb49be66c657de7f09b1cbd130e65934abd29f5aec28e2a86d43d,Trump,Positive
851721183410126848,3c46bd68165bb49be66c657de7f09b1cbd130e65934abd29f5aec28e2a86d43d,Trump,Negative
793281980750323712,3c46bd68165bb49be66c657de7f09b1cbd130e65934abd29f5aec28e2a86d43d,Trump,Positive
832694849346220036,3c46bd68165bb49be66c657de7f09b1cbd130e65934abd29f5aec28e2a86d43d,Trump,Positive
798022680213499904,3c46bd68165bb49be66c657de7f09b1cbd130e65934abd29f5aec28e2a86d43d,Trump,Negative
827987921923932164,3c46bd68165bb49be66c657de7f09b1cbd130e65934abd29f5aec28e2a86d43d,Trump,Negative
850806672574611456,3c46bd68165bb49be66c657de7f09b1cbd130e65934abd29f5aec28e2a86d43d,Trump,Positive
843511460911370241,3c46bd68165bb49be66c657de7f09b1cbd130e65934abd29f5aec28e2a86d43d,Trump,Positive
890297247149281280,3c46bd68165bb49be66c657de7f09b1cbd130e65934abd29f5aec28e2a86d43d,Trump,Neutral
789146874053701632,3c46bd68165bb49be66c657de7f09b1cbd130e65934abd29f5aec28e2a86d43d,Trump,Negative
784156393125257217,3c46bd68165bb49be66c657de7f09b1cbd130e65934abd29f5aec28e2a86d43d,Trump,Negative
806377412573401088,3c46bd68165bb49be66c657de7f09b1cbd130e65934abd29f5aec28e2a86d43d,Trump,Negative
815822044885565440,3c46bd68165bb49be66c657de7f09b1cbd130e65934abd29f5aec28e2a86d43d,Trump,Neutral
824260053804912640,3c46bd68165bb49be66c657de7f09b1cbd130e65934abd29f5aec28e2a86d43d,Trump,Neutral
740561373315354624,3c46bd68165bb49be66c657de7f09b1cbd130e65934abd29f5aec28e2a86d43d,Trump,Negative
807233425061146624,3c46bd68165bb49be66c657de7f09b1cbd130e65934abd29f5aec28e2a86d43d,Trump,Positive
802893571737223168,3c46bd68165bb49be66c657de7f09b1cbd130e65934abd29f5aec28e2a86d43d,Trump,Negative
841564630904385536,3c46bd68165bb49be66c657de7f09b1cbd130e65934abd29f5aec28e2a86d43d,Trump,Positive
800030731518914561,3c46bd68165bb49be66c657de7f09b1cbd130e65934abd29f5aec28e2a86d43d,Trump,Negative
806559811810758661,3c46bd68165bb49be66c657de7f09b1cbd130e65934abd29f5aec28e2a86d43d,Trump,Negative
755028956357603328,3c46bd68165bb49be66c657de7f09b1cbd130e65934abd29f5aec28e2a86d43d,Trump,Negative
793829171537391616,3c46bd68165bb49be66c657de7f09b1cbd130e65934abd29f5aec28e2a86d43d,Trump,Positive
884461359089541120,3c46bd68165bb49be66c657de7f09b1cbd130e65934abd29f5aec28e2a86d43d,Trump,Negative
849043864891650048,3c46bd68165bb49be66c657de7f09b1cbd130e65934abd29f5aec28e2a86d43d,Trump,Negative
828596986383314946,3c46bd68165bb49be66c657de7f09b1cbd130e65934abd29f5aec28e2a86d43d,Trump,Positive
844361332933709824,3c46bd68165bb49be66c657de7f09b1cbd130e65934abd29f5aec28e2a86d43d,Trump,Negative
885615441208631296,3c46bd68165bb49be66c657de7f09b1cbd130e65934abd29f5aec28e2a86d43d,Trump,Positive
840774245823201280,3c46bd68165bb49be66c657de7f09b1cbd130e65934abd29f5aec28e2a86d43d,Trump,Neutral
811565652033073152,3c46bd68165bb49be66c657de7f09b1cbd130e65934abd29f5aec28e2a86d43d,Trump,Positive
797292366847770624,3c46bd68165bb49be66c657de7f09b1cbd130e65934abd29f5aec28e2a86d43d,Trump,Positive
807233447446151169,3c46bd68165bb49be66c657de7f09b1cbd130e65934abd29f5aec28e2a86d43d,Trump,Positive
710541421393158144,3c46bd68165bb49be66c657de7f09b1cbd130e65934abd29f5aec28e2a86d43d,Trump,Positive
735148241507885056,3c46bd68165bb49be66c657de7f09b1cbd130e65934abd29f5aec28e2a86d43d,Trump,Negative
826447283839520768,3c46bd68165bb49be66c657de7f09b1cbd130e65934abd29f5aec28e2a86d43d,Trump,Negative
833120831870005249,3c46bd68165bb49be66c657de7f09b1cbd130e65934abd29f5aec28e2a86d43d,Trump,Positive
790910088294924288,3c46bd68165bb49be66c657de7f09b1cbd130e65934abd29f5aec28e2a86d43d,Trump,Negative
856905830368727040,3c46bd68165bb49be66c657de7f09b1cbd130e65934abd29f5aec28e2a86d43d,Trump,Negative
796502432041889792,3c46bd68165bb49be66c657de7f09b1cbd130e65934abd29f5aec28e2a86d43d,Trump,Negative
825049822298308608,3c46bd68165bb49be66c657de7f09b1cbd130e65934abd29f5aec28e2a86d43d,Trump,Neutral
793099735905161216,3c46bd68165bb49be66c657de7f09b1cbd130e65934abd29f5aec28e2a86d43d,Trump,Negative
829811673611530240,3c46bd68165bb49be66c657de7f09b1cbd130e65934abd29f5aec28e2a86d43d,Trump,Positive
797292409742827520,3c46bd68165bb49be66c657de7f09b1cbd130e65934abd29f5aec28e2a86d43d,Trump,Positive
831392128014155777,3c46bd68165bb49be66c657de7f09b1cbd130e65934abd29f5aec28e2a86d43d,Trump,Positive
842356326500032515,3c46bd68165bb49be66c657de7f09b1cbd130e65934abd29f5aec28e2a86d43d,Trump,Positive
800699005349089280,3c46bd68165bb49be66c657de7f09b1cbd130e65934abd29f5aec28e2a86d43d,Trump,Negative
855131316685242368,3c46bd68165bb49be66c657de7f09b1cbd130e65934abd29f5aec28e2a86d43d,Trump,Positive
840409647815241729,3c46bd68165bb49be66c657de7f09b1cbd130e65934abd29f5aec28e2a86d43d,Trump,Negative
829872742753251328,3c46bd68165bb49be66c657de7f09b1cbd130e65934abd29f5aec28e2a86d43d,Clinton,Positive
831661673215832064,3c46bd68165bb49be66c657de7f09b1cbd130e65934abd29f5aec28e2a86d43d,Trump,Neutral
832330423464255494,3c46bd68165bb49be66c657de7f09b1cbd130e65934abd29f5aec28e2a86d43d,Trump,Neutral
830054520692625408,3c46bd68165bb49be66c657de7f09b1cbd130e65934abd29f5aec28e2a86d43d,Trump,Negative
816490817493864448,3c46bd68165bb49be66c657de7f09b1cbd130e65934abd29f5aec28e2a86d43d,Trump,Positive
785808868370632704,3c46bd68165bb49be66c657de7f09b1cbd130e65934abd29f5aec28e2a86d43d,Trump,Neutral
836949087610159104,3c46bd68165bb49be66c657de7f09b1cbd130e65934abd29f5aec28e2a86d43d,Trump,Negative
843450940401377281,3c46bd68165bb49be66c657de7f09b1cbd130e65934abd29f5aec28e2a86d43d,Trump,Negative
736594551742160897,3c46bd68165bb49be66c657de7f09b1cbd130e65934abd29f5aec28e2a86d43d,Trump,Negative
726433042173038592,3c46bd68165bb49be66c657de7f09b1cbd130e65934abd29f5aec28e2a86d43d,Trump,Negative
839256752273108994,3c46bd68165bb49be66c657de7f09b1cbd130e65934abd29f5aec28e2a86d43d,Trump,Positive
800577870879920128,3c46bd68165bb49be66c657de7f09b1cbd130e65934abd29f5aec28e2a86d43d,Trump,Neutral
796867454819561472,3c46bd68165bb49be66c657de7f09b1cbd130e65934abd29f5aec28e2a86d43d,Trump,Negative
856590867758501890,3c46bd68165bb49be66c657de7f09b1cbd130e65934abd29f5aec28e2a86d43d,Trump,Negative
852269348119076864,3c46bd68165bb49be66c657de7f09b1cbd130e65934abd29f5aec28e2a86d43d,Trump,Positive
755449528631853057,3c46bd68165bb49be66c657de7f09b1cbd130e65934abd29f5aec28e2a86d43d,Trump,Neutral
852939295681806339,3c46bd68165bb49be66c657de7f09b1cbd130e65934abd29f5aec28e2a86d43d,Trump,Negative
850684618005196801,3c46bd68165bb49be66c657de7f09b1cbd130e65934abd29f5aec28e2a86d43d,Trump,Negative
791092161651609600,3c46bd68165bb49be66c657de7f09b1cbd130e65934abd29f5aec28e2a86d43d,Clinton,Negative
839923871310544896,3c46bd68165bb49be66c657de7f09b1cbd130e65934abd29f5aec28e2a86d43d,Trump,Positive
734779641639100416,3c46bd68165bb49be66c657de7f09b1cbd130e65934abd29f5aec28e2a86d43d,Trump,Neutral
832937894075650048,3c46bd68165bb49be66c657de7f09b1cbd130e65934abd29f5aec28e2a86d43d,Trump,Negative
885130253890441217,3c46bd68165bb49be66c657de7f09b1cbd130e65934abd29f5aec28e2a86d43d,Trump,Negative
823591113365868545,3c46bd68165bb49be66c657de7f09b1cbd130e65934abd29f5aec28e2a86d43d,Trump,Negative
806499250137944064,3c46bd68165bb49be66c657de7f09b1cbd130e65934abd29f5aec28e2a86d43d,Trump,Positive
834761827879940096,3c46bd68165bb49be66c657de7f09b1cbd130e65934abd29f5aec28e2a86d43d,Trump,Positive
742402749539717121,3c46bd68165bb49be66c657de7f09b1cbd130e65934abd29f5aec28e2a86d43d,Trump,Positive
819217402282053633,3c46bd68165bb49be66c657de7f09b1cbd130e65934abd29f5aec28e2a86d43d,Trump,Positive
825413989089832963,3c46bd68165bb49be66c657de7f09b1cbd130e65934abd29f5aec28e2a86d43d,Trump,Negative
804779718360911873,3c46bd68165bb49be66c657de7f09b1cbd130e65934abd29f5aec28e2a86d43d,Trump,Positive
856905551770517505,3c46bd68165bb49be66c657de7f09b1cbd130e65934abd29f5aec28e2a86d43d,Trump,Negative
836588894896467969,3c46bd68165bb49be66c657de7f09b1cbd130e65934abd29f5aec28e2a86d43d,Trump,Negative
842903995119230976,3c46bd68165bb49be66c657de7f09b1cbd130e65934abd29f5aec28e2a86d43d,Trump,Positive
819035300265598979,3c46bd68165bb49be66c657de7f09b1cbd130e65934abd29f5aec28e2a86d43d,Trump,Neutral
830661790296047616,3c46bd68165bb49be66c657de7f09b1cbd130e65934abd29f5aec28e2a86d43d,Trump,Neutral
851478073400856576,3c46bd68165bb49be66c657de7f09b1cbd130e65934abd29f5aec28e2a86d43d,Trump,Positive
787690607523291136,3c46bd68165bb49be66c657de7f09b1cbd130e65934abd29f5aec28e2a86d43d,Trump,Negative
821038845122801666,3c46bd68165bb49be66c657de7f09b1cbd130e65934abd29f5aec28e2a86d43d,Trump,Negative
790910050101563392,3c46bd68165bb49be66c657de7f09b1cbd130e65934abd29f5aec28e2a86d43d,Trump,Negative
829204416284737536,3c46bd68165bb49be66c657de7f09b1cbd130e65934abd29f5aec28e2a86d43d,Trump,Negative
755449552073793536,3c46bd68165bb49be66c657de7f09b1cbd130e65934abd29f5aec28e2a86d43d,Trump,Negative
788782955665747969,3c46bd68165bb49be66c657de7f09b1cbd130e65934abd29f5aec28e2a86d43d,Trump,Negative
788358115641192448,3c46bd68165bb49be66c657de7f09b1cbd130e65934abd29f5aec28e2a86d43d,Trump,Negative
807053216441597953,3c46bd68165bb49be66c657de7f09b1cbd130e65934abd29f5aec28e2a86d43d,Trump,Negative
795227362279489536,3c46bd68165bb49be66c657de7f09b1cbd130e65934abd29f5aec28e2a86d43d,Clinton,Positive
884340156471418880,3c46bd68165bb49be66c657de7f09b1cbd130e65934abd29f5aec28e2a86d43d,Trump,Neutral
833546068210114560,3c46bd68165bb49be66c657de7f09b1cbd130e65934abd29f5aec28e2a86d43d,Trump,Positive
883793781128089600,3c46bd68165bb49be66c657de7f09b1cbd130e65934abd29f5aec28e2a86d43d,Trump,Positive
834944147522011136,3c46bd68165bb49be66c657de7f09b1cbd130e65934abd29f5aec28e2a86d43d,Trump,Positive
816429579653054464,3c46bd68165bb49be66c657de7f09b1cbd130e65934abd29f5aec28e2a86d43d,Trump,Neutral
799847709561815040,3c46bd68165bb49be66c657de7f09b1cbd130e65934abd29f5aec28e2a86d43d,Trump,Negative
832270217422176256,3c46bd68165bb49be66c657de7f09b1cbd130e65934abd29f5aec28e2a86d43d,Trump,Positive
814056232680034304,3c46bd68165bb49be66c657de7f09b1cbd130e65934abd29f5aec28e2a86d43d,Trump,Positive
795165677812412416,3c46bd68165bb49be66c657de7f09b1cbd130e65934abd29f5aec28e2a86d43d,Trump,Positive
814482497136431104,3c46bd68165bb49be66c657de7f09b1cbd130e65934abd29f5aec28e2a86d43d,Trump,Neutral
784017797781204992,3c46bd68165bb49be66c657de7f09b1cbd130e65934abd29f5aec28e2a86d43d,Trump,Negative
799240022696280064,3c46bd68165bb49be66c657de7f09b1cbd130e65934abd29f5aec28e2a86d43d,Trump,Negative
825778639207804931,3c46bd68165bb49be66c657de7f09b1cbd130e65934abd29f5aec28e2a86d43d,Trump,Negative
799726408977170432,3c46bd68165bb49be66c657de7f09b1cbd130e65934abd29f5aec28e2a86d43d,Trump,Negative
847523607643394048,3c46bd68165bb49be66c657de7f09b1cbd130e65934abd29f5aec28e2a86d43d,Trump,Negative
854644257637978112,3c46bd68165bb49be66c657de7f09b1cbd130e65934abd29f5aec28e2a86d43d,Trump,Neutral
828717760121298944,3c46bd68165bb49be66c657de7f09b1cbd130e65934abd29f5aec28e2a86d43d,Trump,Positive
796745512422690816,3c46bd68165bb49be66c657de7f09b1cbd130e65934abd29f5aec28e2a86d43d,Trump,Negative
825717989920145408,3c46bd68165bb49be66c657de7f09b1cbd130e65934abd29f5aec28e2a86d43d,Trump,Positive
824077402909319170,3c46bd68165bb49be66c657de7f09b1cbd130e65934abd29f5aec28e2a86d43d,Trump,Negative
810838444050096128,3c46bd68165bb49be66c657de7f09b1cbd130e65934abd29f5aec28e2a86d43d,Trump,Negative
853730517119881216,3c46bd68165bb49be66c657de7f09b1cbd130e65934abd29f5aec28e2a86d43d,Trump,Positive
860190535054753792,3c46bd68165bb49be66c657de7f09b1cbd130e65934abd29f5aec28e2a86d43d,Trump,Positive
884097118608269312,3c46bd68165bb49be66c657de7f09b1cbd130e65934abd29f5aec28e2a86d43d,Trump,Positive
785930315885752320,3c46bd68165bb49be66c657de7f09b1cbd130e65934abd29f5aec28e2a86d43d,Trump,Positive
836415824307105792,3c46bd68165bb49be66c657de7f09b1cbd130e65934abd29f5aec28e2a86d43d,Trump,Negative
836588949002932224,3c46bd68165bb49be66c657de7f09b1cbd130e65934abd29f5aec28e2a86d43d,Trump,Positive
837009456781197316,3c46bd68165bb49be66c657de7f09b1cbd130e65934abd29f5aec28e2a86d43d,Trump,Positive
785262608316239872,3c46bd68165bb49be66c657de7f09b1cbd130e65934abd29f5aec28e2a86d43d,Trump,Neutral
799057257229144064,3c46bd68165bb49be66c657de7f09b1cbd130e65934abd29f5aec28e2a86d43d,Trump,Neutral
789329012455772160,3c46bd68165bb49be66c657de7f09b1cbd130e65934abd29f5aec28e2a86d43d,Trump,Negative
806745692026728449,3c46bd68165bb49be66c657de7f09b1cbd130e65934abd29f5aec28e2a86d43d,Trump,Positive
846852706190970880,3c46bd68165bb49be66c657de7f09b1cbd130e65934abd29f5aec28e2a86d43d,Trump,Positive
822130830491402244,3c46bd68165bb49be66c657de7f09b1cbd130e65934abd29f5aec28e2a86d43d,Trump,Positive
855436298567471104,3c46bd68165bb49be66c657de7f09b1cbd130e65934abd29f5aec28e2a86d43d,Trump,Positive
792369319862603777,3c46bd68165bb49be66c657de7f09b1cbd130e65934abd29f5aec28e2a86d43d,Trump,Negative
845455895354068992,3c46bd68165bb49be66c657de7f09b1cbd130e65934abd29f5aec28e2a86d43d,Trump,Positive
854705199591698432,3c46bd68165bb49be66c657de7f09b1cbd130e65934abd29f5aec28e2a86d43d,Trump,Positive
823894499613175808,3c46bd68165bb49be66c657de7f09b1cbd130e65934abd29f5aec28e2a86d43d,Trump,Positive
786779994785652736,3c46bd68165bb49be66c657de7f09b1cbd130e65934abd29f5aec28e2a86d43d,Neutral,Neutral
843511483204034560,3c46bd68165bb49be66c657de7f09b1cbd130e65934abd29f5aec28e2a86d43d,Trump,Positive
820735839395266561,3c46bd68165bb49be66c657de7f09b1cbd130e65934abd29f5aec28e2a86d43d,Trump,Positive
882942883464192002,3c46bd68165bb49be66c657de7f09b1cbd130e65934abd29f5aec28e2a86d43d,Clinton,Negative
842964656100691968,3c46bd68165bb49be66c657de7f09b1cbd130e65934abd29f5aec28e2a86d43d,Trump,Negative
815397175928717312,3c46bd68165bb49be66c657de7f09b1cbd130e65934abd29f5aec28e2a86d43d,Trump,Positive
787690587587768322,3c46bd68165bb49be66c657de7f09b1cbd130e65934abd29f5aec28e2a86d43d,Trump,Positive
817221612537872387,3c46bd68165bb49be66c657de7f09b1cbd130e65934abd29f5aec28e2a86d43d,Trump,Positive
813995507894939648,3c46bd68165bb49be66c657de7f09b1cbd130e65934abd29f5aec28e2a86d43d,Trump,Negative
784155795315429376,3c46bd68165bb49be66c657de7f09b1cbd130e65934abd29f5aec28e2a86d43d,Trump,Neutral
846427726147936258,3c46bd68165bb49be66c657de7f09b1cbd130e65934abd29f5aec28e2a86d43d,Trump,Positive
844118907334131717,3c46bd68165bb49be66c657de7f09b1cbd130e65934abd29f5aec28e2a86d43d,Trump,Positive
830904125810434050,3c46bd68165bb49be66c657de7f09b1cbd130e65934abd29f5aec28e2a86d43d,Trump,Negative
807974149184516096,3c46bd68165bb49be66c657de7f09b1cbd130e65934abd29f5aec28e2a86d43d,Trump,Positive
809738195197902848,3c46bd68165bb49be66c657de7f09b1cbd130e65934abd29f5aec28e2a86d43d,Trump,Positive
806377451697868800,3c46bd68165bb49be66c657de7f09b1cbd130e65934abd29f5aec28e2a86d43d,Trump,Negative
831600795556651008,3c46bd68165bb49be66c657de7f09b1cbd130e65934abd29f5aec28e2a86d43d,Trump,Positive
796745534052691968,3c46bd68165bb49be66c657de7f09b1cbd130e65934abd29f5aec28e2a86d43d,Clinton,Positive
785444594955747328,3c46bd68165bb49be66c657de7f09b1cbd130e65934abd29f5aec28e2a86d43d,Trump,Negative
850562617966022656,3c46bd68165bb49be66c657de7f09b1cbd130e65934abd29f5aec28e2a86d43d,Trump,Neutral
808157252104421376,3c46bd68165bb49be66c657de7f09b1cbd130e65934abd29f5aec28e2a86d43d,Trump,Negative
827240056696012804,3c46bd68165bb49be66c657de7f09b1cbd130e65934abd29f5aec28e2a86d43d,Trump,Neutral
887618142377259008,3c46bd68165bb49be66c657de7f09b1cbd130e65934abd29f5aec28e2a86d43d,Trump,Positive
885858822652297216,3c46bd68165bb49be66c657de7f09b1cbd130e65934abd29f5aec28e2a86d43d,Trump,Neutral
797596143987331072,3c46bd68165bb49be66c657de7f09b1cbd130e65934abd29f5aec28e2a86d43d,Trump,Negative
813509486526730241,3c46bd68165bb49be66c657de7f09b1cbd130e65934abd29f5aec28e2a86d43d,Trump,Positive
828961181897474050,3c46bd68165bb49be66c657de7f09b1cbd130e65934abd29f5aec28e2a86d43d,Trump,Negative
836588925384806403,3c46bd68165bb49be66c657de7f09b1cbd130e65934abd29f5aec28e2a86d43d,Trump,Negative
851843794223890433,3c46bd68165bb49be66c657de7f09b1cbd130e65934abd29f5aec28e2a86d43d,Trump,Negative
857819397272084480,3c46bd68165bb49be66c657de7f09b1cbd130e65934abd29f5aec28e2a86d43d,Trump,Positive
842660169037307905,3c46bd68165bb49be66c657de7f09b1cbd130e65934abd29f5aec28e2a86d43d,Trump,Positive
845333892429201408,3c46bd68165bb49be66c657de7f09b1cbd130e65934abd29f5aec28e2a86d43d,Trump,Negative
822313596176646144,3c46bd68165bb49be66c657de7f09b1cbd130e65934abd29f5aec28e2a86d43d,Trump,Negative
884887440183480320,3c46bd68165bb49be66c657de7f09b1cbd130e65934abd29f5aec28e2a86d43d,Trump,Neutral
842477894173691905,3c46bd68165bb49be66c657de7f09b1cbd130e65934abd29f5aec28e2a86d43d,Trump,Neutral
812294021494226944,3c46bd68165bb49be66c657de7f09b1cbd130e65934abd29f5aec28e2a86d43d,Trump,Neutral
848192492461752320,3c46bd68165bb49be66c657de7f09b1cbd130e65934abd29f5aec28e2a86d43d,Trump,Negative
832451983055343620,3c46bd68165bb49be66c657de7f09b1cbd130e65934abd29f5aec28e2a86d43d,Trump,Positive
784018431842652160,3c46bd68165bb49be66c657de7f09b1cbd130e65934abd29f5aec28e2a86d43d,Trump,Neutral
825535544566358017,3c46bd68165bb49be66c657de7f09b1cbd130e65934abd29f5aec28e2a86d43d,Trump,Neutral
820614119376162816,3c46bd68165bb49be66c657de7f09b1cbd130e65934abd29f5aec28e2a86d43d,Trump,Negative
830782793089241088,3c46bd68165bb49be66c657de7f09b1cbd130e65934abd29f5aec28e2a86d43d,Trump,Positive
890062500355608580,3c46bd68165bb49be66c657de7f09b1cbd130e65934abd29f5aec28e2a86d43d,Trump,Negative
820492575614390272,3c46bd68165bb49be66c657de7f09b1cbd130e65934abd29f5aec28e2a86d43d,Trump,Neutral
837495534839529473,3c46bd68165bb49be66c657de7f09b1cbd130e65934abd29f5aec28e2a86d43d,Trump,Positive
745082843718553600,3c46bd68165bb49be66c657de7f09b1cbd130e65934abd29f5aec28e2a86d43d,Clinton,Positive
796077126135021569,3c46bd68165bb49be66c657de7f09b1cbd130e65934abd29f5aec28e2a86d43d,Trump,Negative
801002952110571520,3c46bd68165bb49be66c657de7f09b1cbd130e65934abd29f5aec28e2a86d43d,Trump,Positive
797049404779798528,3c46bd68165bb49be66c657de7f09b1cbd130e65934abd29f5aec28e2a86d43d,Clinton,Negative
809799252310425602,3c46bd68165bb49be66c657de7f09b1cbd130e65934abd29f5aec28e2a86d43d,Trump,Neutral
833546109087780864,3c46bd68165bb49be66c657de7f09b1cbd130e65934abd29f5aec28e2a86d43d,Trump,Negative
831540725133242368,3c46bd68165bb49be66c657de7f09b1cbd130e65934abd29f5aec28e2a86d43d,Trump,Negative
855131278005456900,3c46bd68165bb49be66c657de7f09b1cbd130e65934abd29f5aec28e2a86d43d,Trump,Positive
884158179566919680,3c46bd68165bb49be66c657de7f09b1cbd130e65934abd29f5aec28e2a86d43d,Trump,Positive
839984743496183809,3c46bd68165bb49be66c657de7f09b1cbd130e65934abd29f5aec28e2a86d43d,Trump,Negative
837495557711138816,3c46bd68165bb49be66c657de7f09b1cbd130e65934abd29f5aec28e2a86d43d,Trump,Positive
827240034428452864,3c46bd68165bb49be66c657de7f09b1cbd130e65934abd29f5aec28e2a86d43d,Trump,Neutral
849590406484504576,3c46bd68165bb49be66c657de7f09b1cbd130e65934abd29f5aec28e2a86d43d,Trump,Positive
791456656634830852,3c46bd68165bb49be66c657de7f09b1cbd130e65934abd29f5aec28e2a86d43d,Trump,Negative
755449672869748736,3c46bd68165bb49be66c657de7f09b1cbd130e65934abd29f5aec28e2a86d43d,Trump,Neutral
884948113978523648,3c46bd68165bb49be66c657de7f09b1cbd130e65934abd29f5aec28e2a86d43d,Trump,Positive
785991325514555392,3c46bd68165bb49be66c657de7f09b1cbd130e65934abd29f5aec28e2a86d43d,Trump,Neutral
889880010202509312,3c46bd68165bb49be66c657de7f09b1cbd130e65934abd29f5aec28e2a86d43d,Trump,Positive
784017779041013760,3c46bd68165bb49be66c657de7f09b1cbd130e65934abd29f5aec28e2a86d43d,Trump,Neutral
785140964146966528,3c46bd68165bb49be66c657de7f09b1cbd130e65934abd29f5aec28e2a86d43d,Trump,Negative
837130718803279873,3c46bd68165bb49be66c657de7f09b1cbd130e65934abd29f5aec28e2a86d43d,Trump,Positive
882638187553849344,3c46bd68165bb49be66c657de7f09b1cbd130e65934abd29f5aec28e2a86d43d,Trump,Positive
736594746106208256,3c46bd68165bb49be66c657de7f09b1cbd130e65934abd29f5aec28e2a86d43d,Trump,Neutral
791335382231244802,3c46bd68165bb49be66c657de7f09b1cbd130e65934abd29f5aec28e2a86d43d,Trump,Neutral
793829151635410944,3c46bd68165bb49be66c657de7f09b1cbd130e65934abd29f5aec28e2a86d43d,Trump,Positive
819824914794422272,3c46bd68165bb49be66c657de7f09b1cbd130e65934abd29f5aec28e2a86d43d,Trump,Positive
836832128105132032,3c46bd68165bb49be66c657de7f09b1cbd130e65934abd29f5aec28e2a86d43d,Trump,Negative
828900065179791360,3c46bd68165bb49be66c657de7f09b1cbd130e65934abd29f5aec28e2a86d43d,Trump,Negative
883367925243138048,3c46bd68165bb49be66c657de7f09b1cbd130e65934abd29f5aec28e2a86d43d,Trump,Negative
852391412683485184,3c46bd68165bb49be66c657de7f09b1cbd130e65934abd29f5aec28e2a86d43d,Trump,Negative
808279957361160192,3c46bd68165bb49be66c657de7f09b1cbd130e65934abd29f5aec28e2a86d43d,Trump,Positive
786719167269445632,3c46bd68165bb49be66c657de7f09b1cbd130e65934abd29f5aec28e2a86d43d,Trump,Negative
816857347318497280,3c46bd68165bb49be66c657de7f09b1cbd130e65934abd29f5aec28e2a86d43d,Trump,Positive
710166666194382848,3c46bd68165bb49be66c657de7f09b1cbd130e65934abd29f5aec28e2a86d43d,Trump,Neutral
827987943667154944,3c46bd68165bb49be66c657de7f09b1cbd130e65934abd29f5aec28e2a86d43d,Trump,Positive
727905259989946368,3c46bd68165bb49be66c657de7f09b1cbd130e65934abd29f5aec28e2a86d43d,Trump,Negative
827805760163872768,3c46bd68165bb49be66c657de7f09b1cbd130e65934abd29f5aec28e2a86d43d,Trump,Negative
793951205319917569,3c46bd68165bb49be66c657de7f09b1cbd130e65934abd29f5aec28e2a86d43d,Trump,Negative
827118232993660928,3c46bd68165bb49be66c657de7f09b1cbd130e65934abd29f5aec28e2a86d43d,Trump,Negative
786051558869913600,3c46bd68165bb49be66c657de7f09b1cbd130e65934abd29f5aec28e2a86d43d,Trump,Positive
799665273850695680,3c46bd68165bb49be66c657de7f09b1cbd130e65934abd29f5aec28e2a86d43d,Trump,Negative
797900900849348608,3c46bd68165bb49be66c657de7f09b1cbd130e65934abd29f5aec28e2a86d43d,Trump,Neutral
738008639391334400,3c46bd68165bb49be66c657de7f09b1cbd130e65934abd29f5aec28e2a86d43d,Trump,Neutral
838406123166265344,3c46bd68165bb49be66c657de7f09b1cbd130e65934abd29f5aec28e2a86d43d,Trump,Neutral
840956417775456258,3c46bd68165bb49be66c657de7f09b1cbd130e65934abd29f5aec28e2a86d43d,Trump,Negative
822861415807598593,3c46bd68165bb49be66c657de7f09b1cbd130e65934abd29f5aec28e2a86d43d,Trump,Neutral
787023152824086532,3c46bd68165bb49be66c657de7f09b1cbd130e65934abd29f5aec28e2a86d43d,Trump,Negative
789146853522624512,3c46bd68165bb49be66c657de7f09b1cbd130e65934abd29f5aec28e2a86d43d,Trump,Positive
786780018831560705,3c46bd68165bb49be66c657de7f09b1cbd130e65934abd29f5aec28e2a86d43d,Clinton,Negative
796806704583364608,3c46bd68165bb49be66c657de7f09b1cbd130e65934abd29f5aec28e2a86d43d,Trump,Positive
736217601987072000,3c46bd68165bb49be66c657de7f09b1cbd130e65934abd29f5aec28e2a86d43d,Trump,Neutral
854826757400256512,3c46bd68165bb49be66c657de7f09b1cbd130e65934abd29f5aec28e2a86d43d,Trump,Negative
844057976436637697,3c46bd68165bb49be66c657de7f09b1cbd130e65934abd29f5aec28e2a86d43d,Trump,Positive
823773295866744832,3c46bd68165bb49be66c657de7f09b1cbd130e65934abd29f5aec28e2a86d43d,Trump,Neutral
890297276123553794,3c46bd68165bb49be66c657de7f09b1cbd130e65934abd29f5aec28e2a86d43d,Trump,Positive
844058013795278849,3c46bd68165bb49be66c657de7f09b1cbd130e65934abd29f5aec28e2a86d43d,Trump,Negative
784017248075784197,3c46bd68165bb49be66c657de7f09b1cbd130e65934abd29f5aec28e2a86d43d,Trump,Positive
810104056190533632,3c46bd68165bb49be66c657de7f09b1cbd130e65934abd29f5aec28e2a86d43d,Trump,Positive
887436191108390913,3c46bd68165bb49be66c657de7f09b1cbd130e65934abd29f5aec28e2a86d43d,Trump,Negative
848558218880184321,3c46bd68165bb49be66c657de7f09b1cbd130e65934abd29f5aec28e2a86d43d,Trump,Positive
826507972645892096,3c46bd68165bb49be66c657de7f09b1cbd130e65934abd29f5aec28e2a86d43d,Trump,Negative
698690827191611393,3c46bd68165bb49be66c657de7f09b1cbd130e65934abd29f5aec28e2a86d43d,Trump,Negative
832512519805796352,3c46bd68165bb49be66c657de7f09b1cbd130e65934abd29f5aec28e2a86d43d,Trump,Positive
848983413298270209,3c46bd68165bb49be66c657de7f09b1cbd130e65934abd29f5aec28e2a86d43d,Trump,Neutral
814482454618787840,3c46bd68165bb49be66c657de7f09b1cbd130e65934abd29f5aec28e2a86d43d,Trump,Neutral
834579110525542401,3c46bd68165bb49be66c657de7f09b1cbd130e65934abd29f5aec28e2a86d43d,Trump,Positive
830540389950042113,3c46bd68165bb49be66c657de7f09b1cbd130e65934abd29f5aec28e2a86d43d,Trump,Neutral
821038865070821380,3c46bd68165bb49be66c657de7f09b1cbd130e65934abd29f5aec28e2a86d43d,Trump,Neutral
837313167780884486,3c46bd68165bb49be66c657de7f09b1cbd130e65934abd29f5aec28e2a86d43d,Trump,Positive
828596964300378115,3c46bd68165bb49be66c657de7f09b1cbd130e65934abd29f5aec28e2a86d43d,Trump,Neutral
812597366561927168,3c46bd68165bb49be66c657de7f09b1cbd130e65934abd29f5aec28e2a86d43d,Trump,Negative
822861396840943617,3c46bd68165bb49be66c657de7f09b1cbd130e65934abd29f5aec28e2a86d43d,Trump,Positive
784133183168131072,3c46bd68165bb49be66c657de7f09b1cbd130e65934abd29f5aec28e2a86d43d,Neutral,Neutral
839620411063156737,3c46bd68165bb49be66c657de7f09b1cbd130e65934abd29f5aec28e2a86d43d,Trump,Positive
830115822316224513,3c46bd68165bb49be66c657de7f09b1cbd130e65934abd29f5aec28e2a86d43d,Trump,Negative
820796387935784961,3c46bd68165bb49be66c657de7f09b1cbd130e65934abd29f5aec28e2a86d43d,Trump,Positive
786658380391804929,3c46bd68165bb49be66c657de7f09b1cbd130e65934abd29f5aec28e2a86d43d,Trump,Negative
811626178696056832,3c46bd68165bb49be66c657de7f09b1cbd130e65934abd29f5aec28e2a86d43d,Trump,Positive
811323014944092160,3c46bd68165bb49be66c657de7f09b1cbd130e65934abd29f5aec28e2a86d43d,Clinton,Neutral
839802562316537857,3c46bd68165bb49be66c657de7f09b1cbd130e65934abd29f5aec28e2a86d43d,Trump,Negative
887678755124260865,3c46bd68165bb49be66c657de7f09b1cbd130e65934abd29f5aec28e2a86d43d,Trump,Positive
820128394708996100,3c46bd68165bb49be66c657de7f09b1cbd130e65934abd29f5aec28e2a86d43d,Clinton,Negative
836949065812307970,3c46bd68165bb49be66c657de7f09b1cbd130e65934abd29f5aec28e2a86d43d,Trump,Negative
787144488116510724,3c46bd68165bb49be66c657de7f09b1cbd130e65934abd29f5aec28e2a86d43d,Trump,Positive
853486812832124929,3c46bd68165bb49be66c657de7f09b1cbd130e65934abd29f5aec28e2a86d43d,Trump,Negative
824442306329804801,3c46bd68165bb49be66c657de7f09b1cbd130e65934abd29f5aec28e2a86d43d,Trump,Positive
759670939030265856,3c46bd68165bb49be66c657de7f09b1cbd130e65934abd29f5aec28e2a86d43d,Trump,Neutral
887072300272685056,3c46bd68165bb49be66c657de7f09b1cbd130e65934abd29f5aec28e2a86d43d,Trump,Neutral
799604715847880704,3c46bd68165bb49be66c657de7f09b1cbd130e65934abd29f5aec28e2a86d43d,Trump,Negative
885190975584428033,3c46bd68165bb49be66c657de7f09b1cbd130e65934abd29f5aec28e2a86d43d,Trump,Positive
742028449284526080,3c46bd68165bb49be66c657de7f09b1cbd130e65934abd29f5aec28e2a86d43d,Trump,Negative
843997680846229504,3c46bd68165bb49be66c657de7f09b1cbd130e65934abd29f5aec28e2a86d43d,Trump,Positive
847096236108906496,3c46bd68165bb49be66c657de7f09b1cbd130e65934abd29f5aec28e2a86d43d,Trump,Positive
824867678883975169,3c46bd68165bb49be66c657de7f09b1cbd130e65934abd29f5aec28e2a86d43d,Trump,Positive
845334206746152961,3c46bd68165bb49be66c657de7f09b1cbd130e65934abd29f5aec28e2a86d43d,Trump,Negative
884887470021771265,3c46bd68165bb49be66c657de7f09b1cbd130e65934abd29f5aec28e2a86d43d,Trump,Neutral
803441558393679872,3c46bd68165bb49be66c657de7f09b1cbd130e65934abd29f5aec28e2a86d43d,Trump,Negative
794253888148803584,3c46bd68165bb49be66c657de7f09b1cbd130e65934abd29f5aec28e2a86d43d,Trump,Neutral
834883467208978433,3c46bd68165bb49be66c657de7f09b1cbd130e65934abd29f5aec28e2a86d43d,Trump,Positive
834823367081472000,3c46bd68165bb49be66c657de7f09b1cbd130e65934abd29f5aec28e2a86d43d,Trump,Neutral
