819216730732003328,27b93ba228eb4137131221eea1f595b141182ee2c99db530c25351276ff8b962,Clinton,Negative
631872633504567296,27b93ba228eb4137131221eea1f595b141182ee2c99db530c25351276ff8b962,Trump,Neutral
684703747231068160,27b93ba228eb4137131221eea1f595b141182ee2c99db530c25351276ff8b962,Trump,Negative
818488145478029312,27b93ba228eb4137131221eea1f595b141182ee2c99db530c25351276ff8b962,Trump,Positive
850325128181411841,27b93ba228eb4137131221eea1f595b141182ee2c99db530c25351276ff8b962,Trump,Neutral
714761340880084992,27b93ba228eb4137131221eea1f595b141182ee2c99db530c25351276ff8b962,Trump,Negative
808167540438499328,27b93ba228eb4137131221eea1f595b141182ee2c99db530c25351276ff8b962,Trump,Positive
826284298651234304,27b93ba228eb4137131221eea1f595b141182ee2c99db530c25351276ff8b962,Trump,Neutral
860227690787475458,27b93ba228eb4137131221eea1f595b141182ee2c99db530c25351276ff8b962,Trump,Negative
846578490728222720,27b93ba228eb4137131221eea1f595b141182ee2c99db530c25351276ff8b962,Clinton,Negative
700248866264748032,27b93ba228eb4137131221eea1f595b141182ee2c99db530c25351276ff8b962,Trump,Negative
744947204314529792,27b93ba228eb4137131221eea1f595b141182ee2c99db530c25351276ff8b962,Trump,Positive
796051934440521732,27b93ba228eb4137131221eea1f595b141182ee2c99db530c25351276ff8b962,Clinton,Negative
831362300808458240,27b93ba228eb4137131221eea1f595b141182ee2c99db530c25351276ff8b962,Trump,Positive
714761587156979712,27b93ba228eb4137131221eea1f595b141182ee2c99db530c25351276ff8b962,Trump,Negative
831246609832878080,27b93ba228eb4137131221eea1f595b141182ee2c99db530c25351276ff8b962,Trump,Negative
826405525797666817,27b93ba228eb4137131221eea1f595b141182ee2c99db530c25351276ff8b962,Trump,Positive
841746786926637060,27b93ba228eb4137131221eea1f595b141182ee2c99db530c25351276ff8b962,Trump,Neutral
813600700433387520,27b93ba228eb4137131221eea1f595b141182ee2c99db530c25351276ff8b962,Trump,Positive
796058122171379712,27b93ba228eb4137131221eea1f595b141182ee2c99db530c25351276ff8b962,Clinton,Negative
706170797748948993,27b93ba228eb4137131221eea1f595b141182ee2c99db530c25351276ff8b962,Trump,Positive
849358532692631552,27b93ba228eb4137131221eea1f595b141182ee2c99db530c25351276ff8b962,Trump,Positive
764149806914732032,27b93ba228eb4137131221eea1f595b141182ee2c99db530c25351276ff8b962,Clinton,Negative
859384780743487490,27b93ba228eb4137131221eea1f595b141182ee2c99db530c25351276ff8b962,Trump,Negative
805997468802580481,27b93ba228eb4137131221eea1f595b141182ee2c99db530c25351276ff8b962,Trump,Negative
628723587776684032,27b93ba228eb4137131221eea1f595b141182ee2c99db530c25351276ff8b962,Trump,Neutral
625108320429322240,27b93ba228eb4137131221eea1f595b141182ee2c99db530c25351276ff8b962,Trump,Positive
701015649087266816,27b93ba228eb4137131221eea1f595b141182ee2c99db530c25351276ff8b962,Trump,Neutral
820847598605058048,27b93ba228eb4137131221eea1f595b141182ee2c99db530c25351276ff8b962,Trump,Negative
833409995278602245,27b93ba228eb4137131221eea1f595b141182ee2c99db530c25351276ff8b962,Trump,Negative
707483415147204609,27b93ba228eb4137131221eea1f595b141182ee2c99db530c25351276ff8b962,Trump,Negative
701352443238547456,27b93ba228eb4137131221eea1f595b141182ee2c99db530c25351276ff8b962,Trump,Negative
856239678005145603,27b93ba228eb4137131221eea1f595b141182ee2c99db530c25351276ff8b962,Trump,Positive
796117790893764608,27b93ba228eb4137131221eea1f595b141182ee2c99db530c25351276ff8b962,Clinton,Negative
809613218331168768,27b93ba228eb4137131221eea1f595b141182ee2c99db530c25351276ff8b962,Trump,Positive
631863708059222017,27b93ba228eb4137131221eea1f595b141182ee2c99db530c25351276ff8b962,Trump,Neutral
841868211272470528,27b93ba228eb4137131221eea1f595b141182ee2c99db530c25351276ff8b962,Trump,Negative
848629895248977920,27b93ba228eb4137131221eea1f595b141182ee2c99db530c25351276ff8b962,Trump,Positive
841989530093813760,27b93ba228eb4137131221eea1f595b141182ee2c99db530c25351276ff8b962,Trump,Negative
696665824610934784,27b93ba228eb4137131221eea1f595b141182ee2c99db530c25351276ff8b962,Trump,Neutral
842470673880608770,27b93ba228eb4137131221eea1f595b141182ee2c99db530c25351276ff8b962,Trump,Negative
796118670456094720,27b93ba228eb4137131221eea1f595b141182ee2c99db530c25351276ff8b962,Clinton,Neutral
827501911821733888,27b93ba228eb4137131221eea1f595b141182ee2c99db530c25351276ff8b962,Trump,Negative
859748979705348097,27b93ba228eb4137131221eea1f595b141182ee2c99db530c25351276ff8b962,Trump,Positive
631865648767873024,27b93ba228eb4137131221eea1f595b141182ee2c99db530c25351276ff8b962,Trump,Positive
817225345891991552,27b93ba228eb4137131221eea1f595b141182ee2c99db530c25351276ff8b962,Trump,Positive
758812514578632705,27b93ba228eb4137131221eea1f595b141182ee2c99db530c25351276ff8b962,Trump,Neutral
707482708318916608,27b93ba228eb4137131221eea1f595b141182ee2c99db530c25351276ff8b962,Trump,Neutral
712566305291943936,27b93ba228eb4137131221eea1f595b141182ee2c99db530c25351276ff8b962,Trump,Neutral
831843388093825026,27b93ba228eb4137131221eea1f595b141182ee2c99db530c25351276ff8b962,Trump,Neutral
823504891654049792,27b93ba228eb4137131221eea1f595b141182ee2c99db530c25351276ff8b962,Trump,Negative
846335080532496384,27b93ba228eb4137131221eea1f595b141182ee2c99db530c25351276ff8b962,Trump,Positive
796112346674561024,27b93ba228eb4137131221eea1f595b141182ee2c99db530c25351276ff8b962,Clinton,Negative
681773383990788096,27b93ba228eb4137131221eea1f595b141182ee2c99db530c25351276ff8b962,Trump,Positive
653298021132840961,27b93ba228eb4137131221eea1f595b141182ee2c99db530c25351276ff8b962,Trump,Negative
823626489480548353,27b93ba228eb4137131221eea1f595b141182ee2c99db530c25351276ff8b962,Trump,Negative
673175716767375361,27b93ba228eb4137131221eea1f595b141182ee2c99db530c25351276ff8b962,Trump,Positive
820725887587020803,27b93ba228eb4137131221eea1f595b141182ee2c99db530c25351276ff8b962,Trump,Positive
837637908857294848,27b93ba228eb4137131221eea1f595b141182ee2c99db530c25351276ff8b962,Trump,Positive
851773961436356608,27b93ba228eb4137131221eea1f595b141182ee2c99db530c25351276ff8b962,Trump,Positive
817346477106364416,27b93ba228eb4137131221eea1f595b141182ee2c99db530c25351276ff8b962,Trump,Positive
848751325877809152,27b93ba228eb4137131221eea1f595b141182ee2c99db530c25351276ff8b962,Trump,Neutral
707125680002228224,27b93ba228eb4137131221eea1f595b141182ee2c99db530c25351276ff8b962,Trump,Positive
819880579697090560,27b93ba228eb4137131221eea1f595b141182ee2c99db530c25351276ff8b962,Trump,Positive
702782598674845696,27b93ba228eb4137131221eea1f595b141182ee2c99db530c25351276ff8b962,Trump,Neutral
810700781427027968,27b93ba228eb4137131221eea1f595b141182ee2c99db530c25351276ff8b962,Trump,Neutral
758956939749359616,27b93ba228eb4137131221eea1f595b141182ee2c99db530c25351276ff8b962,Trump,Positive
706170473055293440,27b93ba228eb4137131221eea1f595b141182ee2c99db530c25351276ff8b962,Trump,Neutral
856239637962117120,27b93ba228eb4137131221eea1f595b141182ee2c99db530c25351276ff8b962,Clinton,Positive
813964876183961600,27b93ba228eb4137131221eea1f595b141182ee2c99db530c25351276ff8b962,Trump,Negative
806240542141116418,27b93ba228eb4137131221eea1f595b141182ee2c99db530c25351276ff8b962,Trump,Negative
846578449938567168,27b93ba228eb4137131221eea1f595b141182ee2c99db530c25351276ff8b962,Trump,Positive
824233560408211456,27b93ba228eb4137131221eea1f595b141182ee2c99db530c25351276ff8b962,Trump,Positive
825798966172381187,27b93ba228eb4137131221eea1f595b141182ee2c99db530c25351276ff8b962,Trump,Positive
758957214493085698,27b93ba228eb4137131221eea1f595b141182ee2c99db530c25351276ff8b962,Clinton,Negative
834258030162243584,27b93ba228eb4137131221eea1f595b141182ee2c99db530c25351276ff8b962,Trump,Negative
706170571218771969,27b93ba228eb4137131221eea1f595b141182ee2c99db530c25351276ff8b962,Trump,Negative
702782062839865344,27b93ba228eb4137131221eea1f595b141182ee2c99db530c25351276ff8b962,Trump,Negative
821211508327727108,27b93ba228eb4137131221eea1f595b141182ee2c99db530c25351276ff8b962,Trump,Negative
815773488447426560,27b93ba228eb4137131221eea1f595b141182ee2c99db530c25351276ff8b962,Trump,Positive
846578410407297024,27b93ba228eb4137131221eea1f595b141182ee2c99db530c25351276ff8b962,Trump,Positive
824713030822985728,27b93ba228eb4137131221eea1f595b141182ee2c99db530c25351276ff8b962,Trump,Positive
824713091061579776,27b93ba228eb4137131221eea1f595b141182ee2c99db530c25351276ff8b962,Trump,Negative
835102244815192065,27b93ba228eb4137131221eea1f595b141182ee2c99db530c25351276ff8b962,Trump,Negative
796110903536132096,27b93ba228eb4137131221eea1f595b141182ee2c99db530c25351276ff8b962,Trump,Positive
833651940714242048,27b93ba228eb4137131221eea1f595b141182ee2c99db530c25351276ff8b962,Trump,Positive
834136463902138368,27b93ba228eb4137131221eea1f595b141182ee2c99db530c25351276ff8b962,Trump,Negative
796112289279672321,27b93ba228eb4137131221eea1f595b141182ee2c99db530c25351276ff8b962,Trump,Positive
838967617750773764,27b93ba228eb4137131221eea1f595b141182ee2c99db530c25351276ff8b962,Trump,Positive
838603460249546753,27b93ba228eb4137131221eea1f595b141182ee2c99db530c25351276ff8b962,Trump,Positive
816501193761574916,27b93ba228eb4137131221eea1f595b141182ee2c99db530c25351276ff8b962,Trump,Negative
836682652799348736,27b93ba228eb4137131221eea1f595b141182ee2c99db530c25351276ff8b962,Trump,Negative
707125730858147841,27b93ba228eb4137131221eea1f595b141182ee2c99db530c25351276ff8b962,Trump,Neutral
839331298187624448,27b93ba228eb4137131221eea1f595b141182ee2c99db530c25351276ff8b962,Trump,Positive
823748067358806017,27b93ba228eb4137131221eea1f595b141182ee2c99db530c25351276ff8b962,Trump,Negative
846213722364432384,27b93ba228eb4137131221eea1f595b141182ee2c99db530c25351276ff8b962,Trump,Negative
841868010101063682,27b93ba228eb4137131221eea1f595b141182ee2c99db530c25351276ff8b962,Trump,Negative
834015575198334977,27b93ba228eb4137131221eea1f595b141182ee2c99db530c25351276ff8b962,Trump,Positive
676942736298258435,27b93ba228eb4137131221eea1f595b141182ee2c99db530c25351276ff8b962,Trump,Positive
859384829162508288,27b93ba228eb4137131221eea1f595b141182ee2c99db530c25351276ff8b962,Trump,Negative
805505368457703424,27b93ba228eb4137131221eea1f595b141182ee2c99db530c25351276ff8b962,Trump,Positive
834258010193149952,27b93ba228eb4137131221eea1f595b141182ee2c99db530c25351276ff8b962,Trump,Positive
707482593499844608,27b93ba228eb4137131221eea1f595b141182ee2c99db530c25351276ff8b962,Trump,Positive
704573540440240128,27b93ba228eb4137131221eea1f595b141182ee2c99db530c25351276ff8b962,Trump,Negative
829305728959668225,27b93ba228eb4137131221eea1f595b141182ee2c99db530c25351276ff8b962,Trump,Positive
631864085991133184,27b93ba228eb4137131221eea1f595b141182ee2c99db530c25351276ff8b962,Trump,Positive
809613293287567360,27b93ba228eb4137131221eea1f595b141182ee2c99db530c25351276ff8b962,Trump,Neutral
707125259070251008,27b93ba228eb4137131221eea1f595b141182ee2c99db530c25351276ff8b962,Trump,Negative
796065983739863040,27b93ba228eb4137131221eea1f595b141182ee2c99db530c25351276ff8b962,Trump,Negative
824713110317658112,27b93ba228eb4137131221eea1f595b141182ee2c99db530c25351276ff8b962,Trump,Negative
700237895643197440,27b93ba228eb4137131221eea1f595b141182ee2c99db530c25351276ff8b962,Trump,Positive
707482536746745856,27b93ba228eb4137131221eea1f595b141182ee2c99db530c25351276ff8b962,Trump,Negative
816380518736351232,27b93ba228eb4137131221eea1f595b141182ee2c99db530c25351276ff8b962,Trump,Positive
695609879067627521,27b93ba228eb4137131221eea1f595b141182ee2c99db530c25351276ff8b962,Trump,Positive
858776927448051712,27b93ba228eb4137131221eea1f595b141182ee2c99db530c25351276ff8b962,Trump,Negative
626375425950937088,27b93ba228eb4137131221eea1f595b141182ee2c99db530c25351276ff8b962,Trump,Negative
841989491791417344,27b93ba228eb4137131221eea1f595b141182ee2c99db530c25351276ff8b962,Trump,Negative
852740482731921412,27b93ba228eb4137131221eea1f595b141182ee2c99db530c25351276ff8b962,Clinton,Negative
849601342792486912,27b93ba228eb4137131221eea1f595b141182ee2c99db530c25351276ff8b962,Trump,Positive
839331278247837697,27b93ba228eb4137131221eea1f595b141182ee2c99db530c25351276ff8b962,Trump,Negative
848993980838707204,27b93ba228eb4137131221eea1f595b141182ee2c99db530c25351276ff8b962,Trump,Negative
806482606518923264,27b93ba228eb4137131221eea1f595b141182ee2c99db530c25351276ff8b962,Trump,Positive
678845023677493249,27b93ba228eb4137131221eea1f595b141182ee2c99db530c25351276ff8b962,Trump,Negative
821574779232784385,27b93ba228eb4137131221eea1f595b141182ee2c99db530c25351276ff8b962,Trump,Negative
855395503525306368,27b93ba228eb4137131221eea1f595b141182ee2c99db530c25351276ff8b962,Trump,Positive
838967532333711360,27b93ba228eb4137131221eea1f595b141182ee2c99db530c25351276ff8b962,Clinton,Negative
829786526112477184,27b93ba228eb4137131221eea1f595b141182ee2c99db530c25351276ff8b962,Trump,Positive
703135842286465024,27b93ba228eb4137131221eea1f595b141182ee2c99db530c25351276ff8b962,Trump,Positive
849601362891616256,27b93ba228eb4137131221eea1f595b141182ee2c99db530c25351276ff8b962,Trump,Neutral
831362340792782848,27b93ba228eb4137131221eea1f595b141182ee2c99db530c25351276ff8b962,Trump,Negative
851410109074984961,27b93ba228eb4137131221eea1f595b141182ee2c99db530c25351276ff8b962,Trump,Neutral
805626572552159233,27b93ba228eb4137131221eea1f595b141182ee2c99db530c25351276ff8b962,Trump,Neutral
808409452592373761,27b93ba228eb4137131221eea1f595b141182ee2c99db530c25351276ff8b962,Trump,Negative
812029238899601409,27b93ba228eb4137131221eea1f595b141182ee2c99db530c25351276ff8b962,Clinton,Negative
707125853218598913,27b93ba228eb4137131221eea1f595b141182ee2c99db530c25351276ff8b962,Trump,Negative
758958178465828864,27b93ba228eb4137131221eea1f595b141182ee2c99db530c25351276ff8b962,Trump,Negative
714761211200606208,27b93ba228eb4137131221eea1f595b141182ee2c99db530c25351276ff8b962,Trump,Neutral
836438675986792448,27b93ba228eb4137131221eea1f595b141182ee2c99db530c25351276ff8b962,Trump,Negative
831722098942947328,27b93ba228eb4137131221eea1f595b141182ee2c99db530c25351276ff8b962,Trump,Neutral
796058335929843712,27b93ba228eb4137131221eea1f595b141182ee2c99db530c25351276ff8b962,Trump,Positive
827249347964309504,27b93ba228eb4137131221eea1f595b141182ee2c99db530c25351276ff8b962,Trump,Neutral
856903304667947009,27b93ba228eb4137131221eea1f595b141182ee2c99db530c25351276ff8b962,Trump,Negative
796056823400976384,27b93ba228eb4137131221eea1f595b141182ee2c99db530c25351276ff8b962,Trump,Positive
853946179931000832,27b93ba228eb4137131221eea1f595b141182ee2c99db530c25351276ff8b962,Trump,Neutral
859384759419641856,27b93ba228eb4137131221eea1f595b141182ee2c99db530c25351276ff8b962,Trump,Positive
824233617635340288,27b93ba228eb4137131221eea1f595b141182ee2c99db530c25351276ff8b962,Trump,Positive
631865446828896257,27b93ba228eb4137131221eea1f595b141182ee2c99db530c25351276ff8b962,Clinton,Positive
681773338646200320,27b93ba228eb4137131221eea1f595b141182ee2c99db530c25351276ff8b962,Trump,Positive
845249530517970944,27b93ba228eb4137131221eea1f595b141182ee2c99db530c25351276ff8b962,Trump,Neutral
707483015945936896,27b93ba228eb4137131221eea1f595b141182ee2c99db530c25351276ff8b962,Trump,Neutral
824713051513446400,27b93ba228eb4137131221eea1f595b141182ee2c99db530c25351276ff8b962,Trump,Negative
850325699680514048,27b93ba228eb4137131221eea1f595b141182ee2c99db530c25351276ff8b962,Trump,Negative
841019486014701568,27b93ba228eb4137131221eea1f595b141182ee2c99db530c25351276ff8b962,Trump,Positive
852618502406119425,27b93ba228eb4137131221eea1f595b141182ee2c99db530c25351276ff8b962,Trump,Positive
821332258808336390,27b93ba228eb4137131221eea1f595b141182ee2c99db530c25351276ff8b962,Trump,Positive
707126022290972672,27b93ba228eb4137131221eea1f595b141182ee2c99db530c25351276ff8b962,Trump,Negative
683651105402785792,27b93ba228eb4137131221eea1f595b141182ee2c99db530c25351276ff8b962,Trump,Negative
836067831942885376,27b93ba228eb4137131221eea1f595b141182ee2c99db530c25351276ff8b962,Trump,Negative
758956733100240897,27b93ba228eb4137131221eea1f595b141182ee2c99db530c25351276ff8b962,Trump,Neutral
836915411539136514,27b93ba228eb4137131221eea1f595b141182ee2c99db530c25351276ff8b962,Trump,Positive
696995168621371393,27b93ba228eb4137131221eea1f595b141182ee2c99db530c25351276ff8b962,Trump,Negative
834136444700618754,27b93ba228eb4137131221eea1f595b141182ee2c99db530c25351276ff8b962,Clinton,Neutral
842591593681076224,27b93ba228eb4137131221eea1f595b141182ee2c99db530c25351276ff8b962,Trump,Positive
834015147236659200,27b93ba228eb4137131221eea1f595b141182ee2c99db530c25351276ff8b962,Trump,Positive
845249614114672640,27b93ba228eb4137131221eea1f595b141182ee2c99db530c25351276ff8b962,Trump,Negative
707482414977650690,27b93ba228eb4137131221eea1f595b141182ee2c99db530c25351276ff8b962,Trump,Negative
839452193652682752,27b93ba228eb4137131221eea1f595b141182ee2c99db530c25351276ff8b962,Trump,Positive
824833791302705152,27b93ba228eb4137131221eea1f595b141182ee2c99db530c25351276ff8b962,Trump,Neutral
796082310936399872,27b93ba228eb4137131221eea1f595b141182ee2c99db530c25351276ff8b962,Trump,Neutral
846578469576298496,27b93ba228eb4137131221eea1f595b141182ee2c99db530c25351276ff8b962,Trump,Positive
758957690844426240,27b93ba228eb4137131221eea1f595b141182ee2c99db530c25351276ff8b962,Trump,Negative
815773345249693696,27b93ba228eb4137131221eea1f595b141182ee2c99db530c25351276ff8b962,Trump,Positive
818609312155181056,27b93ba228eb4137131221eea1f595b141182ee2c99db530c25351276ff8b962,Trump,Positive
819759583929438209,27b93ba228eb4137131221eea1f595b141182ee2c99db530c25351276ff8b962,Trump,Negative
712566253290971137,27b93ba228eb4137131221eea1f595b141182ee2c99db530c25351276ff8b962,Trump,Positive
631871854702034944,27b93ba228eb4137131221eea1f595b141182ee2c99db530c25351276ff8b962,Trump,Positive
845249552760406017,27b93ba228eb4137131221eea1f595b141182ee2c99db530c25351276ff8b962,Trump,Positive
813236922818658304,27b93ba228eb4137131221eea1f595b141182ee2c99db530c25351276ff8b962,Trump,Positive
819638360939577346,27b93ba228eb4137131221eea1f595b141182ee2c99db530c25351276ff8b962,Trump,Positive
796080658514931712,27b93ba228eb4137131221eea1f595b141182ee2c99db530c25351276ff8b962,Trump,Positive
631871067485679616,27b93ba228eb4137131221eea1f595b141182ee2c99db530c25351276ff8b962,Trump,Positive
840053334908231680,27b93ba228eb4137131221eea1f595b141182ee2c99db530c25351276ff8b962,Trump,Positive
809492206339952640,27b93ba228eb4137131221eea1f595b141182ee2c99db530c25351276ff8b962,Clinton,Negative
805626590356979712,27b93ba228eb4137131221eea1f595b141182ee2c99db530c25351276ff8b962,Trump,Positive
828941635190980608,27b93ba228eb4137131221eea1f595b141182ee2c99db530c25351276ff8b962,Trump,Negative
806240579235487748,27b93ba228eb4137131221eea1f595b141182ee2c99db530c25351276ff8b962,Trump,Negative
856903345910538242,27b93ba228eb4137131221eea1f595b141182ee2c99db530c25351276ff8b962,Trump,Negative
838967597274136576,27b93ba228eb4137131221eea1f595b141182ee2c99db530c25351276ff8b962,Trump,Positive
796113105453543424,27b93ba228eb4137131221eea1f595b141182ee2c99db530c25351276ff8b962,Trump,Positive
851166298319056896,27b93ba228eb4137131221eea1f595b141182ee2c99db530c25351276ff8b962,Trump,Positive
714761456567336961,27b93ba228eb4137131221eea1f595b141182ee2c99db530c25351276ff8b962,Trump,Negative
821695621669289985,27b93ba228eb4137131221eea1f595b141182ee2c99db530c25351276ff8b962,Trump,Neutral
832564567368679424,27b93ba228eb4137131221eea1f595b141182ee2c99db530c25351276ff8b962,Trump,Negative
824233598442205184,27b93ba228eb4137131221eea1f595b141182ee2c99db530c25351276ff8b962,Trump,Positive
844404305406889985,27b93ba228eb4137131221eea1f595b141182ee2c99db530c25351276ff8b962,Trump,Positive
696988264343863296,27b93ba228eb4137131221eea1f595b141182ee2c99db530c25351276ff8b962,Trump,Positive
832564671353876481,27b93ba228eb4137131221eea1f595b141182ee2c99db530c25351276ff8b962,Trump,Positive
695931449090969600,27b93ba228eb4137131221eea1f595b141182ee2c99db530c25351276ff8b962,Trump,Positive
796091860569784320,27b93ba228eb4137131221eea1f595b141182ee2c99db530c25351276ff8b962,Clinton,Neutral
631872124093726724,27b93ba228eb4137131221eea1f595b141182ee2c99db530c25351276ff8b962,Trump,Negative
805505426083160064,27b93ba228eb4137131221eea1f595b141182ee2c99db530c25351276ff8b962,Trump,Neutral
823626449303334912,27b93ba228eb4137131221eea1f595b141182ee2c99db530c25351276ff8b962,Trump,Positive
829184399405096961,27b93ba228eb4137131221eea1f595b141182ee2c99db530c25351276ff8b962,Trump,Positive
805626534644109312,27b93ba228eb4137131221eea1f595b141182ee2c99db530c25351276ff8b962,Trump,Negative
820725771991912449,27b93ba228eb4137131221eea1f595b141182ee2c99db530c25351276ff8b962,Trump,Positive
836438632953180160,27b93ba228eb4137131221eea1f595b141182ee2c99db530c25351276ff8b962,Trump,Positive
841140319173369856,27b93ba228eb4137131221eea1f595b141182ee2c99db530c25351276ff8b962,Trump,Negative
758957480822968320,27b93ba228eb4137131221eea1f595b141182ee2c99db530c25351276ff8b962,Trump,Positive
780576840092114944,27b93ba228eb4137131221eea1f595b141182ee2c99db530c25351276ff8b962,Clinton,Negative
859506075833335817,27b93ba228eb4137131221eea1f595b141182ee2c99db530c25351276ff8b962,Trump,Negative
677821654869889024,27b93ba228eb4137131221eea1f595b141182ee2c99db530c25351276ff8b962,Trump,Positive
813600718561153024,27b93ba228eb4137131221eea1f595b141182ee2c99db530c25351276ff8b962,Trump,Negative
631873188708790272,27b93ba228eb4137131221eea1f595b141182ee2c99db530c25351276ff8b962,Trump,Positive
697337782327500800,27b93ba228eb4137131221eea1f595b141182ee2c99db530c25351276ff8b962,Trump,Positive
698961305227685888,27b93ba228eb4137131221eea1f595b141182ee2c99db530c25351276ff8b962,Trump,Neutral
823869872564301824,27b93ba228eb4137131221eea1f595b141182ee2c99db530c25351276ff8b962,Trump,Negative
805505464024842240,27b93ba228eb4137131221eea1f595b141182ee2c99db530c25351276ff8b962,Trump,Negative
796090341908684801,27b93ba228eb4137131221eea1f595b141182ee2c99db530c25351276ff8b962,Clinton,Positive
806482620704030720,27b93ba228eb4137131221eea1f595b141182ee2c99db530c25351276ff8b962,Trump,Neutral
851531182038798336,27b93ba228eb4137131221eea1f595b141182ee2c99db530c25351276ff8b962,Trump,Negative
681773360615944192,27b93ba228eb4137131221eea1f595b141182ee2c99db530c25351276ff8b962,Trump,Positive
672047764361101312,27b93ba228eb4137131221eea1f595b141182ee2c99db530c25351276ff8b962,Trump,Negative
761990398059446272,27b93ba228eb4137131221eea1f595b141182ee2c99db530c25351276ff8b962,Clinton,Negative
845249510167232512,27b93ba228eb4137131221eea1f595b141182ee2c99db530c25351276ff8b962,Trump,Negative
699887295218880512,27b93ba228eb4137131221eea1f595b141182ee2c99db530c25351276ff8b962,Trump,Positive
854189003930836992,27b93ba228eb4137131221eea1f595b141182ee2c99db530c25351276ff8b962,Clinton,Negative
823626410782818304,27b93ba228eb4137131221eea1f595b141182ee2c99db530c25351276ff8b962,Trump,Positive
684703563289903104,27b93ba228eb4137131221eea1f595b141182ee2c99db530c25351276ff8b962,Trump,Negative
714760991674859520,27b93ba228eb4137131221eea1f595b141182ee2c99db530c25351276ff8b962,Trump,Positive
806482587522891776,27b93ba228eb4137131221eea1f595b141182ee2c99db530c25351276ff8b962,Trump,Negative
852617490714722304,27b93ba228eb4137131221eea1f595b141182ee2c99db530c25351276ff8b962,Trump,Positive
695939427550498817,27b93ba228eb4137131221eea1f595b141182ee2c99db530c25351276ff8b962,Trump,Negative
849115803584802818,27b93ba228eb4137131221eea1f595b141182ee2c99db530c25351276ff8b962,Trump,Neutral
845249551111991296,27b93ba228eb4137131221eea1f595b141182ee2c99db530c25351276ff8b962,Trump,Neutral
758957279798398976,27b93ba228eb4137131221eea1f595b141182ee2c99db530c25351276ff8b962,Trump,Neutral
706170683651272705,27b93ba228eb4137131221eea1f595b141182ee2c99db530c25351276ff8b962,Trump,Positive
796119162628304901,27b93ba228eb4137131221eea1f595b141182ee2c99db530c25351276ff8b962,Trump,Neutral
843676856624861184,27b93ba228eb4137131221eea1f595b141182ee2c99db530c25351276ff8b962,Trump,Negative
823748045204520961,27b93ba228eb4137131221eea1f595b141182ee2c99db530c25351276ff8b962,Trump,Neutral
833895159100235777,27b93ba228eb4137131221eea1f595b141182ee2c99db530c25351276ff8b962,Trump,Positive
844040913705930752,27b93ba228eb4137131221eea1f595b141182ee2c99db530c25351276ff8b962,Trump,Positive
687851514237468673,27b93ba228eb4137131221eea1f595b141182ee2c99db530c25351276ff8b962,Trump,Neutral
844162103040753664,27b93ba228eb4137131221eea1f595b141182ee2c99db530c25351276ff8b962,Trump,Positive
631872208344735744,27b93ba228eb4137131221eea1f595b141182ee2c99db530c25351276ff8b962,Trump,Positive
796056756841484289,27b93ba228eb4137131221eea1f595b141182ee2c99db530c25351276ff8b962,Trump,Positive
631871682328662016,27b93ba228eb4137131221eea1f595b141182ee2c99db530c25351276ff8b962,Trump,Negative
631873142416248832,27b93ba228eb4137131221eea1f595b141182ee2c99db530c25351276ff8b962,Trump,Negative
796042763448057857,27b93ba228eb4137131221eea1f595b141182ee2c99db530c25351276ff8b962,Trump,Negative
796072214265204736,27b93ba228eb4137131221eea1f595b141182ee2c99db530c25351276ff8b962,Clinton,Negative
702782221762039808,27b93ba228eb4137131221eea1f595b141182ee2c99db530c25351276ff8b962,Trump,Positive
796060980732194816,27b93ba228eb4137131221eea1f595b141182ee2c99db530c25351276ff8b962,Trump,Positive
827370063397343232,27b93ba228eb4137131221eea1f595b141182ee2c99db530c25351276ff8b962,Trump,Negative
759150127160393728,27b93ba228eb4137131221eea1f595b141182ee2c99db530c25351276ff8b962,Trump,Neutral
849115826548559873,27b93ba228eb4137131221eea1f595b141182ee2c99db530c25351276ff8b962,Trump,Negative
631865547882299392,27b93ba228eb4137131221eea1f595b141182ee2c99db530c25351276ff8b962,Trump,Negative
839932285596155908,27b93ba228eb4137131221eea1f595b141182ee2c99db530c25351276ff8b962,Trump,Positive
841019526447800321,27b93ba228eb4137131221eea1f595b141182ee2c99db530c25351276ff8b962,Clinton,Negative
684703822460096512,27b93ba228eb4137131221eea1f595b141182ee2c99db530c25351276ff8b962,Trump,Neutral
796061824865173505,27b93ba228eb4137131221eea1f595b141182ee2c99db530c25351276ff8b962,Clinton,Positive
833410215529807878,27b93ba228eb4137131221eea1f595b141182ee2c99db530c25351276ff8b962,Trump,Negative
828941677373091840,27b93ba228eb4137131221eea1f595b141182ee2c99db530c25351276ff8b962,Trump,Negative
696649708132036608,27b93ba228eb4137131221eea1f595b141182ee2c99db530c25351276ff8b962,Trump,Negative
836067541827076096,27b93ba228eb4137131221eea1f595b141182ee2c99db530c25351276ff8b962,Trump,Positive
631873642557628416,27b93ba228eb4137131221eea1f595b141182ee2c99db530c25351276ff8b962,Trump,Neutral
859263338878050311,27b93ba228eb4137131221eea1f595b141182ee2c99db530c25351276ff8b962,Trump,Positive
796089147157004288,27b93ba228eb4137131221eea1f595b141182ee2c99db530c25351276ff8b962,Clinton,Negative
813600737913634817,27b93ba228eb4137131221eea1f595b141182ee2c99db530c25351276ff8b962,Trump,Negative
852618567111634949,27b93ba228eb4137131221eea1f595b141182ee2c99db530c25351276ff8b962,Trump,Neutral
796073543255597056,27b93ba228eb4137131221eea1f595b141182ee2c99db530c25351276ff8b962,Trump,Positive
796091689530257410,27b93ba228eb4137131221eea1f595b141182ee2c99db530c25351276ff8b962,Clinton,Negative
817102807199346688,27b93ba228eb4137131221eea1f595b141182ee2c99db530c25351276ff8b962,Trump,Positive
820725702253219842,27b93ba228eb4137131221eea1f595b141182ee2c99db530c25351276ff8b962,Trump,Positive
631867938522431489,27b93ba228eb4137131221eea1f595b141182ee2c99db530c25351276ff8b962,Trump,Positive
834381316745486340,27b93ba228eb4137131221eea1f595b141182ee2c99db530c25351276ff8b962,Trump,Positive
834015554319032320,27b93ba228eb4137131221eea1f595b141182ee2c99db530c25351276ff8b962,Trump,Positive
818973392112156672,27b93ba228eb4137131221eea1f595b141182ee2c99db530c25351276ff8b962,Trump,Positive
631865669726801921,27b93ba228eb4137131221eea1f595b141182ee2c99db530c25351276ff8b962,Trump,Positive
840174352960245761,27b93ba228eb4137131221eea1f595b141182ee2c99db530c25351276ff8b962,Trump,Positive
804584983402844160,27b93ba228eb4137131221eea1f595b141182ee2c99db530c25351276ff8b962,Trump,Negative
653298429771292672,27b93ba228eb4137131221eea1f595b141182ee2c99db530c25351276ff8b962,Trump,Negative
821090430704087041,27b93ba228eb4137131221eea1f595b141182ee2c99db530c25351276ff8b962,Trump,Positive
702782350896316416,27b93ba228eb4137131221eea1f595b141182ee2c99db530c25351276ff8b962,Trump,Negative
826284354783567873,27b93ba228eb4137131221eea1f595b141182ee2c99db530c25351276ff8b962,Trump,Neutral
681773316068261888,27b93ba228eb4137131221eea1f595b141182ee2c99db530c25351276ff8b962,Trump,Negative
834258054820528128,27b93ba228eb4137131221eea1f595b141182ee2c99db530c25351276ff8b962,Trump,Negative
729002563450720256,27b93ba228eb4137131221eea1f595b141182ee2c99db530c25351276ff8b962,Trump,Positive
703135607904555008,27b93ba228eb4137131221eea1f595b141182ee2c99db530c25351276ff8b962,Trump,Negative
827370126609678336,27b93ba228eb4137131221eea1f595b141182ee2c99db530c25351276ff8b962,Trump,Neutral
700259110844043264,27b93ba228eb4137131221eea1f595b141182ee2c99db530c25351276ff8b962,Trump,Positive
631873331482918913,27b93ba228eb4137131221eea1f595b141182ee2c99db530c25351276ff8b962,Trump,Negative
845249571357949953,27b93ba228eb4137131221eea1f595b141182ee2c99db530c25351276ff8b962,Trump,Positive
822296619953557506,27b93ba228eb4137131221eea1f595b141182ee2c99db530c25351276ff8b962,Trump,Neutral
859749048978419715,27b93ba228eb4137131221eea1f595b141182ee2c99db530c25351276ff8b962,Trump,Positive
796065761936687105,27b93ba228eb4137131221eea1f595b141182ee2c99db530c25351276ff8b962,Clinton,Neutral
631865841944936448,27b93ba228eb4137131221eea1f595b141182ee2c99db530c25351276ff8b962,Trump,Positive
845127627161534464,27b93ba228eb4137131221eea1f595b141182ee2c99db530c25351276ff8b962,Trump,Negative
857932216613167105,27b93ba228eb4137131221eea1f595b141182ee2c99db530c25351276ff8b962,Trump,Positive
796119499397361667,27b93ba228eb4137131221eea1f595b141182ee2c99db530c25351276ff8b962,Trump,Negative
796061241278087169,27b93ba228eb4137131221eea1f595b141182ee2c99db530c25351276ff8b962,Clinton,Neutral
823263080406716420,27b93ba228eb4137131221eea1f595b141182ee2c99db530c25351276ff8b962,Trump,Neutral
820725809690345472,27b93ba228eb4137131221eea1f595b141182ee2c99db530c25351276ff8b962,Trump,Positive
758956310738055169,27b93ba228eb4137131221eea1f595b141182ee2c99db530c25351276ff8b962,Trump,Negative
631873075198345216,27b93ba228eb4137131221eea1f595b141182ee2c99db530c25351276ff8b962,Clinton,Negative
631871917767569408,27b93ba228eb4137131221eea1f595b141182ee2c99db530c25351276ff8b962,Trump,Positive
796107203862233088,27b93ba228eb4137131221eea1f595b141182ee2c99db530c25351276ff8b962,Trump,Positive
848629871936929796,27b93ba228eb4137131221eea1f595b141182ee2c99db530c25351276ff8b962,Clinton,Positive
706171144576114688,27b93ba228eb4137131221eea1f595b141182ee2c99db530c25351276ff8b962,Trump,Positive
671293617441538048,27b93ba228eb4137131221eea1f595b141182ee2c99db530c25351276ff8b962,Trump,Negative
631873377746051073,27b93ba228eb4137131221eea1f595b141182ee2c99db530c25351276ff8b962,Trump,Neutral
796089219336863744,27b93ba228eb4137131221eea1f595b141182ee2c99db530c25351276ff8b962,Clinton,Negative
698821292800266240,27b93ba228eb4137131221eea1f595b141182ee2c99db530c25351276ff8b962,Trump,Positive
698434112437104640,27b93ba228eb4137131221eea1f595b141182ee2c99db530c25351276ff8b962,Trump,Neutral
843798082177392640,27b93ba228eb4137131221eea1f595b141182ee2c99db530c25351276ff8b962,Trump,Positive
796086265431162881,27b93ba228eb4137131221eea1f595b141182ee2c99db530c25351276ff8b962,Trump,Positive
631866047776186368,27b93ba228eb4137131221eea1f595b141182ee2c99db530c25351276ff8b962,Trump,Negative
839452213130969088,27b93ba228eb4137131221eea1f595b141182ee2c99db530c25351276ff8b962,Trump,Positive
757480723083358208,27b93ba228eb4137131221eea1f595b141182ee2c99db530c25351276ff8b962,Clinton,Positive
631866266337193984,27b93ba228eb4137131221eea1f595b141182ee2c99db530c25351276ff8b962,Trump,Positive
806482602622353408,27b93ba228eb4137131221eea1f595b141182ee2c99db530c25351276ff8b962,Trump,Positive
653298817316601856,27b93ba228eb4137131221eea1f595b141182ee2c99db530c25351276ff8b962,Trump,Neutral
676941250856120321,27b93ba228eb4137131221eea1f595b141182ee2c99db530c25351276ff8b962,Trump,Positive
808773640925933568,27b93ba228eb4137131221eea1f595b141182ee2c99db530c25351276ff8b962,Trump,Positive
845006692756705281,27b93ba228eb4137131221eea1f595b141182ee2c99db530c25351276ff8b962,Trump,Negative
817225390745931776,27b93ba228eb4137131221eea1f595b141182ee2c99db530c25351276ff8b962,Trump,Negative
823626429418061825,27b93ba228eb4137131221eea1f595b141182ee2c99db530c25351276ff8b962,Trump,Positive
811064323254652928,27b93ba228eb4137131221eea1f595b141182ee2c99db530c25351276ff8b962,Trump,Positive
842470596936142849,27b93ba228eb4137131221eea1f595b141182ee2c99db530c25351276ff8b962,Clinton,Negative
796120231144017920,27b93ba228eb4137131221eea1f595b141182ee2c99db530c25351276ff8b962,Clinton,Positive
780582342628773888,27b93ba228eb4137131221eea1f595b141182ee2c99db530c25351276ff8b962,Clinton,Neutral
846457042315415552,27b93ba228eb4137131221eea1f595b141182ee2c99db530c25351276ff8b962,Trump,Negative
712565658916143105,27b93ba228eb4137131221eea1f595b141182ee2c99db530c25351276ff8b962,Trump,Negative
796049237662466048,27b93ba228eb4137131221eea1f595b141182ee2c99db530c25351276ff8b962,Trump,Positive
829305647325917184,27b93ba228eb4137131221eea1f595b141182ee2c99db530c25351276ff8b962,Trump,Positive
842470636362579969,27b93ba228eb4137131221eea1f595b141182ee2c99db530c25351276ff8b962,Trump,Negative
729002480260931584,27b93ba228eb4137131221eea1f595b141182ee2c99db530c25351276ff8b962,Trump,Positive
819759699037982720,27b93ba228eb4137131221eea1f595b141182ee2c99db530c25351276ff8b962,Trump,Positive
842712753173422081,27b93ba228eb4137131221eea1f595b141182ee2c99db530c25351276ff8b962,Trump,Positive
859263296125501441,27b93ba228eb4137131221eea1f595b141182ee2c99db530c25351276ff8b962,Trump,Positive
667346010230796288,27b93ba228eb4137131221eea1f595b141182ee2c99db530c25351276ff8b962,Trump,Negative
815773404997500928,27b93ba228eb4137131221eea1f595b141182ee2c99db530c25351276ff8b962,Trump,Negative
838967509323821057,27b93ba228eb4137131221eea1f595b141182ee2c99db530c25351276ff8b962,Trump,Neutral
859749006972465153,27b93ba228eb4137131221eea1f595b141182ee2c99db530c25351276ff8b962,Trump,Positive
839932266780459011,27b93ba228eb4137131221eea1f595b141182ee2c99db530c25351276ff8b962,Trump,Positive
848872935939035138,27b93ba228eb4137131221eea1f595b141182ee2c99db530c25351276ff8b962,Trump,Positive
836915373412921344,27b93ba228eb4137131221eea1f595b141182ee2c99db530c25351276ff8b962,Trump,Positive
814686372917284864,27b93ba228eb4137131221eea1f595b141182ee2c99db530c25351276ff8b962,Trump,Negative
844283218513801217,27b93ba228eb4137131221eea1f595b141182ee2c99db530c25351276ff8b962,Trump,Positive
855152858051817472,27b93ba228eb4137131221eea1f595b141182ee2c99db530c25351276ff8b962,Trump,Negative
849115428362342400,27b93ba228eb4137131221eea1f595b141182ee2c99db530c25351276ff8b962,Trump,Negative
676931974234284033,27b93ba228eb4137131221eea1f595b141182ee2c99db530c25351276ff8b962,Trump,Positive
845127694215929856,27b93ba228eb4137131221eea1f595b141182ee2c99db530c25351276ff8b962,Trump,Negative
856239615522594817,27b93ba228eb4137131221eea1f595b141182ee2c99db530c25351276ff8b962,Clinton,Positive
808164912455360512,27b93ba228eb4137131221eea1f595b141182ee2c99db530c25351276ff8b962,Clinton,Negative
707482467800776704,27b93ba228eb4137131221eea1f595b141182ee2c99db530c25351276ff8b962,Trump,Neutral
808409471013818369,27b93ba228eb4137131221eea1f595b141182ee2c99db530c25351276ff8b962,Trump,Positive
857932964897972224,27b93ba228eb4137131221eea1f595b141182ee2c99db530c25351276ff8b962,Trump,Neutral
856239656467345408,27b93ba228eb4137131221eea1f595b141182ee2c99db530c25351276ff8b962,Trump,Positive
831722059776548865,27b93ba228eb4137131221eea1f595b141182ee2c99db530c25351276ff8b962,Trump,Negative
805626553702944768,27b93ba228eb4137131221eea1f595b141182ee2c99db530c25351276ff8b962,Trump,Positive
859627336773357568,27b93ba228eb4137131221eea1f595b141182ee2c99db530c25351276ff8b962,Trump,Neutral
761990385187061760,27b93ba228eb4137131221eea1f595b141182ee2c99db530c25351276ff8b962,Clinton,Negative
818730270396469249,27b93ba228eb4137131221eea1f595b141182ee2c99db530c25351276ff8b962,Clinton,Negative
700248345755779072,27b93ba228eb4137131221eea1f595b141182ee2c99db530c25351276ff8b962,Trump,Negative
675000217721249792,27b93ba228eb4137131221eea1f595b141182ee2c99db530c25351276ff8b962,Trump,Positive
838724568013541378,27b93ba228eb4137131221eea1f595b141182ee2c99db530c25351276ff8b962,Trump,Negative
838967576482938880,27b93ba228eb4137131221eea1f595b141182ee2c99db530c25351276ff8b962,Trump,Positive
851410047087374336,27b93ba228eb4137131221eea1f595b141182ee2c99db530c25351276ff8b962,Trump,Negative
819216709638823936,27b93ba228eb4137131221eea1f595b141182ee2c99db530c25351276ff8b962,Trump,Negative
677821480344883200,27b93ba228eb4137131221eea1f595b141182ee2c99db530c25351276ff8b962,Trump,Neutral
848750953910194176,27b93ba228eb4137131221eea1f595b141182ee2c99db530c25351276ff8b962,Trump,Neutral
631864288605401088,27b93ba228eb4137131221eea1f595b141182ee2c99db530c25351276ff8b962,Trump,Positive
844040955472809984,27b93ba228eb4137131221eea1f595b141182ee2c99db530c25351276ff8b962,Trump,Positive
821332277787557888,27b93ba228eb4137131221eea1f595b141182ee2c99db530c25351276ff8b962,Trump,Positive
813115692962762756,27b93ba228eb4137131221eea1f595b141182ee2c99db530c25351276ff8b962,Trump,Positive
702782011518361601,27b93ba228eb4137131221eea1f595b141182ee2c99db530c25351276ff8b962,Trump,Neutral
812150391131488261,27b93ba228eb4137131221eea1f595b141182ee2c99db530c25351276ff8b962,Trump,Positive
833530701316227072,27b93ba228eb4137131221eea1f595b141182ee2c99db530c25351276ff8b962,Trump,Negative
857932945235091456,27b93ba228eb4137131221eea1f595b141182ee2c99db530c25351276ff8b962,Trump,Negative
852617509190742016,27b93ba228eb4137131221eea1f595b141182ee2c99db530c25351276ff8b962,Trump,Positive
841868151822393345,27b93ba228eb4137131221eea1f595b141182ee2c99db530c25351276ff8b962,Trump,Positive
844404284569608194,27b93ba228eb4137131221eea1f595b141182ee2c99db530c25351276ff8b962,Trump,Negative
758956582008868866,27b93ba228eb4137131221eea1f595b141182ee2c99db530c25351276ff8b962,Trump,Positive
841019550925770752,27b93ba228eb4137131221eea1f595b141182ee2c99db530c25351276ff8b962,Trump,Negative
812150369111470080,27b93ba228eb4137131221eea1f595b141182ee2c99db530c25351276ff8b962,Trump,Negative
707125547894251520,27b93ba228eb4137131221eea1f595b141182ee2c99db530c25351276ff8b962,Trump,Negative
625107870695223296,27b93ba228eb4137131221eea1f595b141182ee2c99db530c25351276ff8b962,Trump,Negative
859019342742257664,27b93ba228eb4137131221eea1f595b141182ee2c99db530c25351276ff8b962,Trump,Positive
819880541302427648,27b93ba228eb4137131221eea1f595b141182ee2c99db530c25351276ff8b962,Trump,Positive
832443357020434433,27b93ba228eb4137131221eea1f595b141182ee2c99db530c25351276ff8b962,Trump,Positive
816501236505673728,27b93ba228eb4137131221eea1f595b141182ee2c99db530c25351276ff8b962,Trump,Negative
836067873898496000,27b93ba228eb4137131221eea1f595b141182ee2c99db530c25351276ff8b962,Trump,Negative
808045037338640384,27b93ba228eb4137131221eea1f595b141182ee2c99db530c25351276ff8b962,Trump,Negative
