788690926914764800,3e4926039b55bcd7f2182ee1c9234fd9458adefac0b7f919ede18d8d9597b1c0,Trump,Positive
795084830837014528,3e4926039b55bcd7f2182ee1c9234fd9458adefac0b7f919ede18d8d9597b1c0,Trump,Negative
819681342501818370,3e4926039b55bcd7f2182ee1c9234fd9458adefac0b7f919ede18d8d9597b1c0,Trump,Negative
805792885325053952,3e4926039b55bcd7f2182ee1c9234fd9458adefac0b7f919ede18d8d9597b1c0,Trump,Negative
788706315883450368,3e4926039b55bcd7f2182ee1c9234fd9458adefac0b7f919ede18d8d9597b1c0,Clinton,Negative
786646726669066240,3e4926039b55bcd7f2182ee1c9234fd9458adefac0b7f919ede18d8d9597b1c0,Trump,Negative
800302723388362752,3e4926039b55bcd7f2182ee1c9234fd9458adefac0b7f919ede18d8d9597b1c0,Trump,Negative
803709950082039808,3e4926039b55bcd7f2182ee1c9234fd9458adefac0b7f919ede18d8d9597b1c0,Trump,Neutral
820315020944875521,3e4926039b55bcd7f2182ee1c9234fd9458adefac0b7f919ede18d8d9597b1c0,Trump,Neutral
786907944931688448,3e4926039b55bcd7f2182ee1c9234fd9458adefac0b7f919ede18d8d9597b1c0,Clinton,Positive
818988087002984448,3e4926039b55bcd7f2182ee1c9234fd9458adefac0b7f919ede18d8d9597b1c0,Trump,Negative
785219050494304256,3e4926039b55bcd7f2182ee1c9234fd9458adefac0b7f919ede18d8d9597b1c0,Trump,Negative
795564730207367168,3e4926039b55bcd7f2182ee1c9234fd9458adefac0b7f919ede18d8d9597b1c0,Trump,Negative
785434433830678528,3e4926039b55bcd7f2182ee1c9234fd9458adefac0b7f919ede18d8d9597b1c0,Trump,Positive
784045796589244417,3e4926039b55bcd7f2182ee1c9234fd9458adefac0b7f919ede18d8d9597b1c0,Clinton,Neutral
785541419033321473,3e4926039b55bcd7f2182ee1c9234fd9458adefac0b7f919ede18d8d9597b1c0,Clinton,Negative
674395359834050560,3e4926039b55bcd7f2182ee1c9234fd9458adefac0b7f919ede18d8d9597b1c0,Trump,Neutral
812497354288988165,3e4926039b55bcd7f2182ee1c9234fd9458adefac0b7f919ede18d8d9597b1c0,Trump,Negative
810754385651310592,3e4926039b55bcd7f2182ee1c9234fd9458adefac0b7f919ede18d8d9597b1c0,Trump,Negative
799173009802149888,3e4926039b55bcd7f2182ee1c9234fd9458adefac0b7f919ede18d8d9597b1c0,Clinton,Negative
818172838309990405,3e4926039b55bcd7f2182ee1c9234fd9458adefac0b7f919ede18d8d9597b1c0,Trump,Positive
801090163954700288,3e4926039b55bcd7f2182ee1c9234fd9458adefac0b7f919ede18d8d9597b1c0,Trump,Negative
784105084854468608,3e4926039b55bcd7f2182ee1c9234fd9458adefac0b7f919ede18d8d9597b1c0,Trump,Negative
786692951560884224,3e4926039b55bcd7f2182ee1c9234fd9458adefac0b7f919ede18d8d9597b1c0,Trump,Negative
798524738255536129,3e4926039b55bcd7f2182ee1c9234fd9458adefac0b7f919ede18d8d9597b1c0,Trump,Positive
786754203150651392,3e4926039b55bcd7f2182ee1c9234fd9458adefac0b7f919ede18d8d9597b1c0,Trump,Negative
797769194775412736,3e4926039b55bcd7f2182ee1c9234fd9458adefac0b7f919ede18d8d9597b1c0,Trump,Negative
808034955481776128,3e4926039b55bcd7f2182ee1c9234fd9458adefac0b7f919ede18d8d9597b1c0,Trump,Negative
803848706177073152,3e4926039b55bcd7f2182ee1c9234fd9458adefac0b7f919ede18d8d9597b1c0,Trump,Positive
802473006257807360,3e4926039b55bcd7f2182ee1c9234fd9458adefac0b7f919ede18d8d9597b1c0,Trump,Negative
803987659995672578,3e4926039b55bcd7f2182ee1c9234fd9458adefac0b7f919ede18d8d9597b1c0,Trump,Negative
772844617792417792,3e4926039b55bcd7f2182ee1c9234fd9458adefac0b7f919ede18d8d9597b1c0,Trump,Negative
798046992148611072,3e4926039b55bcd7f2182ee1c9234fd9458adefac0b7f919ede18d8d9597b1c0,Trump,Negative
793909821162545154,3e4926039b55bcd7f2182ee1c9234fd9458adefac0b7f919ede18d8d9597b1c0,Trump,Negative
797291388446642177,3e4926039b55bcd7f2182ee1c9234fd9458adefac0b7f919ede18d8d9597b1c0,Trump,Positive
820653393106599936,3e4926039b55bcd7f2182ee1c9234fd9458adefac0b7f919ede18d8d9597b1c0,Trump,Negative
787337853852274688,3e4926039b55bcd7f2182ee1c9234fd9458adefac0b7f919ede18d8d9597b1c0,Trump,Negative
788798980352278533,3e4926039b55bcd7f2182ee1c9234fd9458adefac0b7f919ede18d8d9597b1c0,Trump,Positive
790660031960276992,3e4926039b55bcd7f2182ee1c9234fd9458adefac0b7f919ede18d8d9597b1c0,Trump,Negative
798092889611993088,3e4926039b55bcd7f2182ee1c9234fd9458adefac0b7f919ede18d8d9597b1c0,Trump,Negative
807516750451507200,3e4926039b55bcd7f2182ee1c9234fd9458adefac0b7f919ede18d8d9597b1c0,Trump,Negative
798941532233596928,3e4926039b55bcd7f2182ee1c9234fd9458adefac0b7f919ede18d8d9597b1c0,Trump,Negative
795657929013731329,3e4926039b55bcd7f2182ee1c9234fd9458adefac0b7f919ede18d8d9597b1c0,Trump,Negative
796951868362653696,3e4926039b55bcd7f2182ee1c9234fd9458adefac0b7f919ede18d8d9597b1c0,Trump,Negative
819326827013558274,3e4926039b55bcd7f2182ee1c9234fd9458adefac0b7f919ede18d8d9597b1c0,Trump,Neutral
811110959272132608,3e4926039b55bcd7f2182ee1c9234fd9458adefac0b7f919ede18d8d9597b1c0,Trump,Negative
797877340000776192,3e4926039b55bcd7f2182ee1c9234fd9458adefac0b7f919ede18d8d9597b1c0,Trump,Negative
804048933681033216,3e4926039b55bcd7f2182ee1c9234fd9458adefac0b7f919ede18d8d9597b1c0,Trump,Negative
807309386234347522,3e4926039b55bcd7f2182ee1c9234fd9458adefac0b7f919ede18d8d9597b1c0,Trump,Negative
810553314790309889,3e4926039b55bcd7f2182ee1c9234fd9458adefac0b7f919ede18d8d9597b1c0,Trump,Positive
795486968901734400,3e4926039b55bcd7f2182ee1c9234fd9458adefac0b7f919ede18d8d9597b1c0,Trump,Negative
788875433051729921,3e4926039b55bcd7f2182ee1c9234fd9458adefac0b7f919ede18d8d9597b1c0,Trump,Neutral
820514452101562372,3e4926039b55bcd7f2182ee1c9234fd9458adefac0b7f919ede18d8d9597b1c0,Trump,Negative
796660720972787712,3e4926039b55bcd7f2182ee1c9234fd9458adefac0b7f919ede18d8d9597b1c0,Trump,Positive
820576091312111616,3e4926039b55bcd7f2182ee1c9234fd9458adefac0b7f919ede18d8d9597b1c0,Trump,Positive
805255001685839872,3e4926039b55bcd7f2182ee1c9234fd9458adefac0b7f919ede18d8d9597b1c0,Trump,Positive
820330283790639104,3e4926039b55bcd7f2182ee1c9234fd9458adefac0b7f919ede18d8d9597b1c0,Trump,Positive
789951507575676928,3e4926039b55bcd7f2182ee1c9234fd9458adefac0b7f919ede18d8d9597b1c0,Trump,Positive
785050471727783936,3e4926039b55bcd7f2182ee1c9234fd9458adefac0b7f919ede18d8d9597b1c0,Trump,Neutral
785786826552336384,3e4926039b55bcd7f2182ee1c9234fd9458adefac0b7f919ede18d8d9597b1c0,Clinton,Positive
805283059520114688,3e4926039b55bcd7f2182ee1c9234fd9458adefac0b7f919ede18d8d9597b1c0,Trump,Negative
795765803429875712,3e4926039b55bcd7f2182ee1c9234fd9458adefac0b7f919ede18d8d9597b1c0,Trump,Neutral
784074102604791808,3e4926039b55bcd7f2182ee1c9234fd9458adefac0b7f919ede18d8d9597b1c0,Trump,Positive
692898854971117570,3e4926039b55bcd7f2182ee1c9234fd9458adefac0b7f919ede18d8d9597b1c0,Trump,Neutral
795084847891017728,3e4926039b55bcd7f2182ee1c9234fd9458adefac0b7f919ede18d8d9597b1c0,Trump,Positive
819219254188843009,3e4926039b55bcd7f2182ee1c9234fd9458adefac0b7f919ede18d8d9597b1c0,Trump,Positive
683809921943617536,3e4926039b55bcd7f2182ee1c9234fd9458adefac0b7f919ede18d8d9597b1c0,Trump,Positive
731880059179401216,3e4926039b55bcd7f2182ee1c9234fd9458adefac0b7f919ede18d8d9597b1c0,Trump,Neutral
809860481632632832,3e4926039b55bcd7f2182ee1c9234fd9458adefac0b7f919ede18d8d9597b1c0,Trump,Positive
795827481467097088,3e4926039b55bcd7f2182ee1c9234fd9458adefac0b7f919ede18d8d9597b1c0,Trump,Neutral
784027464083337218,3e4926039b55bcd7f2182ee1c9234fd9458adefac0b7f919ede18d8d9597b1c0,Trump,Positive
799327547016105984,3e4926039b55bcd7f2182ee1c9234fd9458adefac0b7f919ede18d8d9597b1c0,Trump,Negative
799327563751550976,3e4926039b55bcd7f2182ee1c9234fd9458adefac0b7f919ede18d8d9597b1c0,Trump,Neutral
784119808887586816,3e4926039b55bcd7f2182ee1c9234fd9458adefac0b7f919ede18d8d9597b1c0,Neutral,Neutral
789782117068734466,3e4926039b55bcd7f2182ee1c9234fd9458adefac0b7f919ede18d8d9597b1c0,Trump,Negative
818572129201319937,3e4926039b55bcd7f2182ee1c9234fd9458adefac0b7f919ede18d8d9597b1c0,Trump,Positive
767031222216392708,3e4926039b55bcd7f2182ee1c9234fd9458adefac0b7f919ede18d8d9597b1c0,Trump,Negative
786247324259397635,3e4926039b55bcd7f2182ee1c9234fd9458adefac0b7f919ede18d8d9597b1c0,Trump,Negative
802297893952618496,3e4926039b55bcd7f2182ee1c9234fd9458adefac0b7f919ede18d8d9597b1c0,Trump,Positive
805359578087096321,3e4926039b55bcd7f2182ee1c9234fd9458adefac0b7f919ede18d8d9597b1c0,Trump,Positive
795534059288006656,3e4926039b55bcd7f2182ee1c9234fd9458adefac0b7f919ede18d8d9597b1c0,Trump,Negative
785019732147699712,3e4926039b55bcd7f2182ee1c9234fd9458adefac0b7f919ede18d8d9597b1c0,Trump,Neutral
793032762957651968,3e4926039b55bcd7f2182ee1c9234fd9458adefac0b7f919ede18d8d9597b1c0,Trump,Positive
805792978874888192,3e4926039b55bcd7f2182ee1c9234fd9458adefac0b7f919ede18d8d9597b1c0,Trump,Positive
788240620317872128,3e4926039b55bcd7f2182ee1c9234fd9458adefac0b7f919ede18d8d9597b1c0,Trump,Negative
804727368619270147,3e4926039b55bcd7f2182ee1c9234fd9458adefac0b7f919ede18d8d9597b1c0,Trump,Negative
799404827239321600,3e4926039b55bcd7f2182ee1c9234fd9458adefac0b7f919ede18d8d9597b1c0,Trump,Positive
785050453977493504,3e4926039b55bcd7f2182ee1c9234fd9458adefac0b7f919ede18d8d9597b1c0,Trump,Positive
820376362817097728,3e4926039b55bcd7f2182ee1c9234fd9458adefac0b7f919ede18d8d9597b1c0,Trump,Positive
783996867327561729,3e4926039b55bcd7f2182ee1c9234fd9458adefac0b7f919ede18d8d9597b1c0,Trump,Neutral
819173084779388929,3e4926039b55bcd7f2182ee1c9234fd9458adefac0b7f919ede18d8d9597b1c0,Trump,Positive
807579864324800512,3e4926039b55bcd7f2182ee1c9234fd9458adefac0b7f919ede18d8d9597b1c0,Trump,Positive
785930801137356800,3e4926039b55bcd7f2182ee1c9234fd9458adefac0b7f919ede18d8d9597b1c0,Trump,Negative
786662094523555844,3e4926039b55bcd7f2182ee1c9234fd9458adefac0b7f919ede18d8d9597b1c0,Neutral,Neutral
809288693303443456,3e4926039b55bcd7f2182ee1c9234fd9458adefac0b7f919ede18d8d9597b1c0,Trump,Negative
805151949486227456,3e4926039b55bcd7f2182ee1c9234fd9458adefac0b7f919ede18d8d9597b1c0,Trump,Neutral
786923277826621440,3e4926039b55bcd7f2182ee1c9234fd9458adefac0b7f919ede18d8d9597b1c0,Trump,Positive
812744483339173889,3e4926039b55bcd7f2182ee1c9234fd9458adefac0b7f919ede18d8d9597b1c0,Trump,Negative
785930893873471488,3e4926039b55bcd7f2182ee1c9234fd9458adefac0b7f919ede18d8d9597b1c0,Trump,Positive
799637822382686208,3e4926039b55bcd7f2182ee1c9234fd9458adefac0b7f919ede18d8d9597b1c0,Trump,Neutral
798586388329492480,3e4926039b55bcd7f2182ee1c9234fd9458adefac0b7f919ede18d8d9597b1c0,Trump,Positive
799126808583143424,3e4926039b55bcd7f2182ee1c9234fd9458adefac0b7f919ede18d8d9597b1c0,Trump,Negative
820391470008037377,3e4926039b55bcd7f2182ee1c9234fd9458adefac0b7f919ede18d8d9597b1c0,Trump,Negative
800008093832806401,3e4926039b55bcd7f2182ee1c9234fd9458adefac0b7f919ede18d8d9597b1c0,Trump,Negative
799745299933601792,3e4926039b55bcd7f2182ee1c9234fd9458adefac0b7f919ede18d8d9597b1c0,Trump,Positive
807973272252010496,3e4926039b55bcd7f2182ee1c9234fd9458adefac0b7f919ede18d8d9597b1c0,Trump,Negative
803617080427696129,3e4926039b55bcd7f2182ee1c9234fd9458adefac0b7f919ede18d8d9597b1c0,Trump,Neutral
820806577053728772,3e4926039b55bcd7f2182ee1c9234fd9458adefac0b7f919ede18d8d9597b1c0,Trump,Positive
819250068331040769,3e4926039b55bcd7f2182ee1c9234fd9458adefac0b7f919ede18d8d9597b1c0,Trump,Positive
786892575995203584,3e4926039b55bcd7f2182ee1c9234fd9458adefac0b7f919ede18d8d9597b1c0,Trump,Negative
784727363208622080,3e4926039b55bcd7f2182ee1c9234fd9458adefac0b7f919ede18d8d9597b1c0,Trump,Positive
796229862713413633,3e4926039b55bcd7f2182ee1c9234fd9458adefac0b7f919ede18d8d9597b1c0,Trump,Negative
791877677414125568,3e4926039b55bcd7f2182ee1c9234fd9458adefac0b7f919ede18d8d9597b1c0,Trump,Negative
797799911764934657,3e4926039b55bcd7f2182ee1c9234fd9458adefac0b7f919ede18d8d9597b1c0,Trump,Negative
787844376252809216,3e4926039b55bcd7f2182ee1c9234fd9458adefac0b7f919ede18d8d9597b1c0,Trump,Positive
798340305451892736,3e4926039b55bcd7f2182ee1c9234fd9458adefac0b7f919ede18d8d9597b1c0,Trump,Positive
786784887650983936,3e4926039b55bcd7f2182ee1c9234fd9458adefac0b7f919ede18d8d9597b1c0,Trump,Positive
775347670919643136,3e4926039b55bcd7f2182ee1c9234fd9458adefac0b7f919ede18d8d9597b1c0,Trump,Positive
786370387600826368,3e4926039b55bcd7f2182ee1c9234fd9458adefac0b7f919ede18d8d9597b1c0,Trump,Negative
788506732582596608,3e4926039b55bcd7f2182ee1c9234fd9458adefac0b7f919ede18d8d9597b1c0,Trump,Positive
783995950054465536,3e4926039b55bcd7f2182ee1c9234fd9458adefac0b7f919ede18d8d9597b1c0,Trump,Positive
786892592965443584,3e4926039b55bcd7f2182ee1c9234fd9458adefac0b7f919ede18d8d9597b1c0,Trump,Negative
796075362845335552,3e4926039b55bcd7f2182ee1c9234fd9458adefac0b7f919ede18d8d9597b1c0,Trump,Positive
819589296646656001,3e4926039b55bcd7f2182ee1c9234fd9458adefac0b7f919ede18d8d9597b1c0,Trump,Negative
798956923265679360,3e4926039b55bcd7f2182ee1c9234fd9458adefac0b7f919ede18d8d9597b1c0,Clinton,Negative
814942970214567939,3e4926039b55bcd7f2182ee1c9234fd9458adefac0b7f919ede18d8d9597b1c0,Trump,Positive
789444175272013824,3e4926039b55bcd7f2182ee1c9234fd9458adefac0b7f919ede18d8d9597b1c0,Trump,Negative
809149059948834817,3e4926039b55bcd7f2182ee1c9234fd9458adefac0b7f919ede18d8d9597b1c0,Trump,Negative
788921464946888704,3e4926039b55bcd7f2182ee1c9234fd9458adefac0b7f919ede18d8d9597b1c0,Trump,Positive
784091509280890880,3e4926039b55bcd7f2182ee1c9234fd9458adefac0b7f919ede18d8d9597b1c0,Trump,Positive
796337106431987712,3e4926039b55bcd7f2182ee1c9234fd9458adefac0b7f919ede18d8d9597b1c0,Trump,Positive
784182818943406084,3e4926039b55bcd7f2182ee1c9234fd9458adefac0b7f919ede18d8d9597b1c0,Trump,Negative
796599331700805633,3e4926039b55bcd7f2182ee1c9234fd9458adefac0b7f919ede18d8d9597b1c0,Trump,Negative
784512502369492992,3e4926039b55bcd7f2182ee1c9234fd9458adefac0b7f919ede18d8d9597b1c0,Trump,Negative
784573858976296962,3e4926039b55bcd7f2182ee1c9234fd9458adefac0b7f919ede18d8d9597b1c0,Trump,Negative
796429828304076803,3e4926039b55bcd7f2182ee1c9234fd9458adefac0b7f919ede18d8d9597b1c0,Trump,Neutral
810877972844572672,3e4926039b55bcd7f2182ee1c9234fd9458adefac0b7f919ede18d8d9597b1c0,Trump,Neutral
798447763621085184,3e4926039b55bcd7f2182ee1c9234fd9458adefac0b7f919ede18d8d9597b1c0,Trump,Positive
816088018167746564,3e4926039b55bcd7f2182ee1c9234fd9458adefac0b7f919ede18d8d9597b1c0,Trump,Positive
818510205067689984,3e4926039b55bcd7f2182ee1c9234fd9458adefac0b7f919ede18d8d9597b1c0,Trump,Negative
793557034914414592,3e4926039b55bcd7f2182ee1c9234fd9458adefac0b7f919ede18d8d9597b1c0,Trump,Negative
788598838844133376,3e4926039b55bcd7f2182ee1c9234fd9458adefac0b7f919ede18d8d9597b1c0,Trump,Neutral
794853409643958272,3e4926039b55bcd7f2182ee1c9234fd9458adefac0b7f919ede18d8d9597b1c0,Trump,Positive
814387064217210880,3e4926039b55bcd7f2182ee1c9234fd9458adefac0b7f919ede18d8d9597b1c0,Clinton,Negative
796445050532143104,3e4926039b55bcd7f2182ee1c9234fd9458adefac0b7f919ede18d8d9597b1c0,Trump,Negative
789305730746593284,3e4926039b55bcd7f2182ee1c9234fd9458adefac0b7f919ede18d8d9597b1c0,Trump,Negative
671508542046740480,3e4926039b55bcd7f2182ee1c9234fd9458adefac0b7f919ede18d8d9597b1c0,Trump,Positive
791846976581095424,3e4926039b55bcd7f2182ee1c9234fd9458adefac0b7f919ede18d8d9597b1c0,Trump,Neutral
800626590648532992,3e4926039b55bcd7f2182ee1c9234fd9458adefac0b7f919ede18d8d9597b1c0,Trump,Negative
806494771036454913,3e4926039b55bcd7f2182ee1c9234fd9458adefac0b7f919ede18d8d9597b1c0,Trump,Negative
790229820529516544,3e4926039b55bcd7f2182ee1c9234fd9458adefac0b7f919ede18d8d9597b1c0,Trump,Positive
784011521307320320,3e4926039b55bcd7f2182ee1c9234fd9458adefac0b7f919ede18d8d9597b1c0,Trump,Negative
803940954294091776,3e4926039b55bcd7f2182ee1c9234fd9458adefac0b7f919ede18d8d9597b1c0,Trump,Neutral
812698434553659396,3e4926039b55bcd7f2182ee1c9234fd9458adefac0b7f919ede18d8d9597b1c0,Trump,Negative
784199588710346752,3e4926039b55bcd7f2182ee1c9234fd9458adefac0b7f919ede18d8d9597b1c0,Clinton,Negative
787337835854475264,3e4926039b55bcd7f2182ee1c9234fd9458adefac0b7f919ede18d8d9597b1c0,Trump,Negative
812143260428812292,3e4926039b55bcd7f2182ee1c9234fd9458adefac0b7f919ede18d8d9597b1c0,Trump,Positive
784198818791301122,3e4926039b55bcd7f2182ee1c9234fd9458adefac0b7f919ede18d8d9597b1c0,Trump,Positive
784928019479658496,3e4926039b55bcd7f2182ee1c9234fd9458adefac0b7f919ede18d8d9597b1c0,Trump,Negative
803741137219489792,3e4926039b55bcd7f2182ee1c9234fd9458adefac0b7f919ede18d8d9597b1c0,Trump,Negative
798200367167262720,3e4926039b55bcd7f2182ee1c9234fd9458adefac0b7f919ede18d8d9597b1c0,Trump,Negative
810060290490507264,3e4926039b55bcd7f2182ee1c9234fd9458adefac0b7f919ede18d8d9597b1c0,Trump,Neutral
808470038743318528,3e4926039b55bcd7f2182ee1c9234fd9458adefac0b7f919ede18d8d9597b1c0,Trump,Positive
756902208977920000,3e4926039b55bcd7f2182ee1c9234fd9458adefac0b7f919ede18d8d9597b1c0,Trump,Positive
789290418143846400,3e4926039b55bcd7f2182ee1c9234fd9458adefac0b7f919ede18d8d9597b1c0,Trump,Neutral
784030241777971201,3e4926039b55bcd7f2182ee1c9234fd9458adefac0b7f919ede18d8d9597b1c0,Trump,Negative
793649140374839296,3e4926039b55bcd7f2182ee1c9234fd9458adefac0b7f919ede18d8d9597b1c0,Trump,Neutral
810476559287074816,3e4926039b55bcd7f2182ee1c9234fd9458adefac0b7f919ede18d8d9597b1c0,Trump,Negative
805072685634043904,3e4926039b55bcd7f2182ee1c9234fd9458adefac0b7f919ede18d8d9597b1c0,Trump,Negative
797198140105441285,3e4926039b55bcd7f2182ee1c9234fd9458adefac0b7f919ede18d8d9597b1c0,Trump,Positive
793556999678070786,3e4926039b55bcd7f2182ee1c9234fd9458adefac0b7f919ede18d8d9597b1c0,Clinton,Positive
784105325137768448,3e4926039b55bcd7f2182ee1c9234fd9458adefac0b7f919ede18d8d9597b1c0,Trump,Negative
802109697616707584,3e4926039b55bcd7f2182ee1c9234fd9458adefac0b7f919ede18d8d9597b1c0,Trump,Negative
806401918100795392,3e4926039b55bcd7f2182ee1c9234fd9458adefac0b7f919ede18d8d9597b1c0,Trump,Positive
797923613152198657,3e4926039b55bcd7f2182ee1c9234fd9458adefac0b7f919ede18d8d9597b1c0,Trump,Negative
789182434659094528,3e4926039b55bcd7f2182ee1c9234fd9458adefac0b7f919ede18d8d9597b1c0,Trump,Negative
820422328073015296,3e4926039b55bcd7f2182ee1c9234fd9458adefac0b7f919ede18d8d9597b1c0,Trump,Positive
808034938096336896,3e4926039b55bcd7f2182ee1c9234fd9458adefac0b7f919ede18d8d9597b1c0,Trump,Positive
792836108866297856,3e4926039b55bcd7f2182ee1c9234fd9458adefac0b7f919ede18d8d9597b1c0,Trump,Negative
799358769775972352,3e4926039b55bcd7f2182ee1c9234fd9458adefac0b7f919ede18d8d9597b1c0,Trump,Positive
820483738983342080,3e4926039b55bcd7f2182ee1c9234fd9458adefac0b7f919ede18d8d9597b1c0,Trump,Negative
819619910510841857,3e4926039b55bcd7f2182ee1c9234fd9458adefac0b7f919ede18d8d9597b1c0,Trump,Negative
810924531409911808,3e4926039b55bcd7f2182ee1c9234fd9458adefac0b7f919ede18d8d9597b1c0,Trump,Negative
783996902442278913,3e4926039b55bcd7f2182ee1c9234fd9458adefac0b7f919ede18d8d9597b1c0,Trump,Neutral
797043988264079360,3e4926039b55bcd7f2182ee1c9234fd9458adefac0b7f919ede18d8d9597b1c0,Clinton,Negative
804542653324988416,3e4926039b55bcd7f2182ee1c9234fd9458adefac0b7f919ede18d8d9597b1c0,Trump,Positive
787506642074103808,3e4926039b55bcd7f2182ee1c9234fd9458adefac0b7f919ede18d8d9597b1c0,Trump,Neutral
807468842175885312,3e4926039b55bcd7f2182ee1c9234fd9458adefac0b7f919ede18d8d9597b1c0,Clinton,Positive
818587222265864192,3e4926039b55bcd7f2182ee1c9234fd9458adefac0b7f919ede18d8d9597b1c0,Trump,Negative
685253411839807489,3e4926039b55bcd7f2182ee1c9234fd9458adefac0b7f919ede18d8d9597b1c0,Trump,Negative
798895473771892740,3e4926039b55bcd7f2182ee1c9234fd9458adefac0b7f919ede18d8d9597b1c0,Trump,Neutral
813255082204688384,3e4926039b55bcd7f2182ee1c9234fd9458adefac0b7f919ede18d8d9597b1c0,Trump,Positive
799281031220236288,3e4926039b55bcd7f2182ee1c9234fd9458adefac0b7f919ede18d8d9597b1c0,Trump,Negative
809798578835247105,3e4926039b55bcd7f2182ee1c9234fd9458adefac0b7f919ede18d8d9597b1c0,Trump,Neutral
789044510097539073,3e4926039b55bcd7f2182ee1c9234fd9458adefac0b7f919ede18d8d9597b1c0,Trump,Neutral
802359653690642432,3e4926039b55bcd7f2182ee1c9234fd9458adefac0b7f919ede18d8d9597b1c0,Trump,Negative
802627802549735425,3e4926039b55bcd7f2182ee1c9234fd9458adefac0b7f919ede18d8d9597b1c0,Trump,Negative
805452146493759488,3e4926039b55bcd7f2182ee1c9234fd9458adefac0b7f919ede18d8d9597b1c0,Trump,Positive
792836198125318144,3e4926039b55bcd7f2182ee1c9234fd9458adefac0b7f919ede18d8d9597b1c0,Trump,Positive
787813644809764864,3e4926039b55bcd7f2182ee1c9234fd9458adefac0b7f919ede18d8d9597b1c0,Clinton,Negative
674395155814748160,3e4926039b55bcd7f2182ee1c9234fd9458adefac0b7f919ede18d8d9597b1c0,Trump,Positive
795982481715560448,3e4926039b55bcd7f2182ee1c9234fd9458adefac0b7f919ede18d8d9597b1c0,Trump,Positive
801137033137811456,3e4926039b55bcd7f2182ee1c9234fd9458adefac0b7f919ede18d8d9597b1c0,Trump,Positive
819480875414986752,3e4926039b55bcd7f2182ee1c9234fd9458adefac0b7f919ede18d8d9597b1c0,Trump,Neutral
792836071574769664,3e4926039b55bcd7f2182ee1c9234fd9458adefac0b7f919ede18d8d9597b1c0,Trump,Neutral
798895596711145472,3e4926039b55bcd7f2182ee1c9234fd9458adefac0b7f919ede18d8d9597b1c0,Trump,Positive
792418006290792448,3e4926039b55bcd7f2182ee1c9234fd9458adefac0b7f919ede18d8d9597b1c0,Trump,Positive
808284450903719936,3e4926039b55bcd7f2182ee1c9234fd9458adefac0b7f919ede18d8d9597b1c0,Trump,Negative
791477309031194624,3e4926039b55bcd7f2182ee1c9234fd9458adefac0b7f919ede18d8d9597b1c0,Trump,Negative
819542559051677696,3e4926039b55bcd7f2182ee1c9234fd9458adefac0b7f919ede18d8d9597b1c0,Trump,Neutral
803709932474433536,3e4926039b55bcd7f2182ee1c9234fd9458adefac0b7f919ede18d8d9597b1c0,Trump,Neutral
795673246859481089,3e4926039b55bcd7f2182ee1c9234fd9458adefac0b7f919ede18d8d9597b1c0,Trump,Negative
802457693411803136,3e4926039b55bcd7f2182ee1c9234fd9458adefac0b7f919ede18d8d9597b1c0,Trump,Positive
809335271296733184,3e4926039b55bcd7f2182ee1c9234fd9458adefac0b7f919ede18d8d9597b1c0,Trump,Negative
796399339899863041,3e4926039b55bcd7f2182ee1c9234fd9458adefac0b7f919ede18d8d9597b1c0,Trump,Negative
784165922105765888,3e4926039b55bcd7f2182ee1c9234fd9458adefac0b7f919ede18d8d9597b1c0,Trump,Neutral
802268065295728640,3e4926039b55bcd7f2182ee1c9234fd9458adefac0b7f919ede18d8d9597b1c0,Trump,Neutral
798941550512177152,3e4926039b55bcd7f2182ee1c9234fd9458adefac0b7f919ede18d8d9597b1c0,Trump,Positive
782774010631196673,3e4926039b55bcd7f2182ee1c9234fd9458adefac0b7f919ede18d8d9597b1c0,Trump,Positive
795858651537928193,3e4926039b55bcd7f2182ee1c9234fd9458adefac0b7f919ede18d8d9597b1c0,Trump,Neutral
788952400090501120,3e4926039b55bcd7f2182ee1c9234fd9458adefac0b7f919ede18d8d9597b1c0,Trump,Negative
735429305799299072,3e4926039b55bcd7f2182ee1c9234fd9458adefac0b7f919ede18d8d9597b1c0,Trump,Negative
674395634300903424,3e4926039b55bcd7f2182ee1c9234fd9458adefac0b7f919ede18d8d9597b1c0,Trump,Neutral
784252134917218304,3e4926039b55bcd7f2182ee1c9234fd9458adefac0b7f919ede18d8d9597b1c0,Trump,Positive
791492682468069376,3e4926039b55bcd7f2182ee1c9234fd9458adefac0b7f919ede18d8d9597b1c0,Trump,Negative
802109730239954944,3e4926039b55bcd7f2182ee1c9234fd9458adefac0b7f919ede18d8d9597b1c0,Trump,Positive
796306639427108865,3e4926039b55bcd7f2182ee1c9234fd9458adefac0b7f919ede18d8d9597b1c0,Trump,Positive
809860463366438912,3e4926039b55bcd7f2182ee1c9234fd9458adefac0b7f919ede18d8d9597b1c0,Trump,Positive
802124974991568896,3e4926039b55bcd7f2182ee1c9234fd9458adefac0b7f919ede18d8d9597b1c0,Trump,Negative
801105496337948672,3e4926039b55bcd7f2182ee1c9234fd9458adefac0b7f919ede18d8d9597b1c0,Trump,Negative
812512693278097408,3e4926039b55bcd7f2182ee1c9234fd9458adefac0b7f919ede18d8d9597b1c0,Trump,Negative
805791919938949120,3e4926039b55bcd7f2182ee1c9234fd9458adefac0b7f919ede18d8d9597b1c0,Clinton,Negative
797337677951619072,3e4926039b55bcd7f2182ee1c9234fd9458adefac0b7f919ede18d8d9597b1c0,Trump,Negative
800023398286036993,3e4926039b55bcd7f2182ee1c9234fd9458adefac0b7f919ede18d8d9597b1c0,Trump,Negative
809273450904829954,3e4926039b55bcd7f2182ee1c9234fd9458adefac0b7f919ede18d8d9597b1c0,Trump,Positive
795007840368951297,3e4926039b55bcd7f2182ee1c9234fd9458adefac0b7f919ede18d8d9597b1c0,Trump,Positive
785931957242728450,3e4926039b55bcd7f2182ee1c9234fd9458adefac0b7f919ede18d8d9597b1c0,Trump,Neutral
810322778536706048,3e4926039b55bcd7f2182ee1c9234fd9458adefac0b7f919ede18d8d9597b1c0,Trump,Positive
796429864568057856,3e4926039b55bcd7f2182ee1c9234fd9458adefac0b7f919ede18d8d9597b1c0,Trump,Neutral
620388514144886784,3e4926039b55bcd7f2182ee1c9234fd9458adefac0b7f919ede18d8d9597b1c0,Trump,Neutral
784071330970869760,3e4926039b55bcd7f2182ee1c9234fd9458adefac0b7f919ede18d8d9597b1c0,Trump,Positive
783995477222002689,3e4926039b55bcd7f2182ee1c9234fd9458adefac0b7f919ede18d8d9597b1c0,Trump,Negative
797044008379944960,3e4926039b55bcd7f2182ee1c9234fd9458adefac0b7f919ede18d8d9597b1c0,Clinton,Neutral
787046376777613312,3e4926039b55bcd7f2182ee1c9234fd9458adefac0b7f919ede18d8d9597b1c0,Trump,Positive
817508384601731076,3e4926039b55bcd7f2182ee1c9234fd9458adefac0b7f919ede18d8d9597b1c0,Trump,Positive
786493212768604160,3e4926039b55bcd7f2182ee1c9234fd9458adefac0b7f919ede18d8d9597b1c0,Trump,Negative
789029192793001984,3e4926039b55bcd7f2182ee1c9234fd9458adefac0b7f919ede18d8d9597b1c0,Trump,Positive
795517713531736064,3e4926039b55bcd7f2182ee1c9234fd9458adefac0b7f919ede18d8d9597b1c0,Trump,Positive
809783297739988992,3e4926039b55bcd7f2182ee1c9234fd9458adefac0b7f919ede18d8d9597b1c0,Trump,Positive
798864223749152772,3e4926039b55bcd7f2182ee1c9234fd9458adefac0b7f919ede18d8d9597b1c0,Trump,Negative
756536930527956992,3e4926039b55bcd7f2182ee1c9234fd9458adefac0b7f919ede18d8d9597b1c0,Trump,Negative
790244917448704004,3e4926039b55bcd7f2182ee1c9234fd9458adefac0b7f919ede18d8d9597b1c0,Trump,Negative
816721172805124097,3e4926039b55bcd7f2182ee1c9234fd9458adefac0b7f919ede18d8d9597b1c0,Trump,Negative
790907033470066688,3e4926039b55bcd7f2182ee1c9234fd9458adefac0b7f919ede18d8d9597b1c0,Trump,Positive
813239734298431488,3e4926039b55bcd7f2182ee1c9234fd9458adefac0b7f919ede18d8d9597b1c0,Trump,Negative
800889435445309440,3e4926039b55bcd7f2182ee1c9234fd9458adefac0b7f919ede18d8d9597b1c0,Trump,Negative
817523780788645889,3e4926039b55bcd7f2182ee1c9234fd9458adefac0b7f919ede18d8d9597b1c0,Trump,Positive
812081866652131328,3e4926039b55bcd7f2182ee1c9234fd9458adefac0b7f919ede18d8d9597b1c0,Trump,Negative
811357411936206848,3e4926039b55bcd7f2182ee1c9234fd9458adefac0b7f919ede18d8d9597b1c0,Trump,Negative
811080048186953728,3e4926039b55bcd7f2182ee1c9234fd9458adefac0b7f919ede18d8d9597b1c0,Trump,Negative
819434588988706820,3e4926039b55bcd7f2182ee1c9234fd9458adefac0b7f919ede18d8d9597b1c0,Trump,Negative
799311966942756864,3e4926039b55bcd7f2182ee1c9234fd9458adefac0b7f919ede18d8d9597b1c0,Trump,Negative
784059761641873409,3e4926039b55bcd7f2182ee1c9234fd9458adefac0b7f919ede18d8d9597b1c0,Clinton,Neutral
744926145355915264,3e4926039b55bcd7f2182ee1c9234fd9458adefac0b7f919ede18d8d9597b1c0,Trump,Negative
784026291746009088,3e4926039b55bcd7f2182ee1c9234fd9458adefac0b7f919ede18d8d9597b1c0,Trump,Negative
819250086391775232,3e4926039b55bcd7f2182ee1c9234fd9458adefac0b7f919ede18d8d9597b1c0,Trump,Negative
799513286895161345,3e4926039b55bcd7f2182ee1c9234fd9458adefac0b7f919ede18d8d9597b1c0,Trump,Negative
715448122290253826,3e4926039b55bcd7f2182ee1c9234fd9458adefac0b7f919ede18d8d9597b1c0,Trump,Negative
785572125197369344,3e4926039b55bcd7f2182ee1c9234fd9458adefac0b7f919ede18d8d9597b1c0,Trump,Positive
786646707601707008,3e4926039b55bcd7f2182ee1c9234fd9458adefac0b7f919ede18d8d9597b1c0,Trump,Positive
784073202830024704,3e4926039b55bcd7f2182ee1c9234fd9458adefac0b7f919ede18d8d9597b1c0,Trump,Negative
795719282718113792,3e4926039b55bcd7f2182ee1c9234fd9458adefac0b7f919ede18d8d9597b1c0,Clinton,Negative
789659057111994368,3e4926039b55bcd7f2182ee1c9234fd9458adefac0b7f919ede18d8d9597b1c0,Trump,Positive
805761957404037122,3e4926039b55bcd7f2182ee1c9234fd9458adefac0b7f919ede18d8d9597b1c0,Trump,Neutral
799699359025786880,3e4926039b55bcd7f2182ee1c9234fd9458adefac0b7f919ede18d8d9597b1c0,Trump,Positive
789290436464476160,3e4926039b55bcd7f2182ee1c9234fd9458adefac0b7f919ede18d8d9597b1c0,Clinton,Negative
799435738425282560,3e4926039b55bcd7f2182ee1c9234fd9458adefac0b7f919ede18d8d9597b1c0,Trump,Negative
785878933916950528,3e4926039b55bcd7f2182ee1c9234fd9458adefac0b7f919ede18d8d9597b1c0,Trump,Positive
792556186625273856,3e4926039b55bcd7f2182ee1c9234fd9458adefac0b7f919ede18d8d9597b1c0,Clinton,Negative
814618892748328961,3e4926039b55bcd7f2182ee1c9234fd9458adefac0b7f919ede18d8d9597b1c0,Trump,Negative
756536985582391296,3e4926039b55bcd7f2182ee1c9234fd9458adefac0b7f919ede18d8d9597b1c0,Trump,Negative
786416802918084609,3e4926039b55bcd7f2182ee1c9234fd9458adefac0b7f919ede18d8d9597b1c0,Trump,Negative
800950762104758272,3e4926039b55bcd7f2182ee1c9234fd9458adefac0b7f919ede18d8d9597b1c0,Trump,Negative
811465554494193664,3e4926039b55bcd7f2182ee1c9234fd9458adefac0b7f919ede18d8d9597b1c0,Trump,Positive
801847656180019200,3e4926039b55bcd7f2182ee1c9234fd9458adefac0b7f919ede18d8d9597b1c0,Trump,Positive
799776268308934656,3e4926039b55bcd7f2182ee1c9234fd9458adefac0b7f919ede18d8d9597b1c0,Trump,Negative
740959807188930560,3e4926039b55bcd7f2182ee1c9234fd9458adefac0b7f919ede18d8d9597b1c0,Trump,Neutral
816922099973582848,3e4926039b55bcd7f2182ee1c9234fd9458adefac0b7f919ede18d8d9597b1c0,Trump,Positive
818189084812251141,3e4926039b55bcd7f2182ee1c9234fd9458adefac0b7f919ede18d8d9597b1c0,Trump,Negative
796198906841468928,3e4926039b55bcd7f2182ee1c9234fd9458adefac0b7f919ede18d8d9597b1c0,Trump,Neutral
674395527421681666,3e4926039b55bcd7f2182ee1c9234fd9458adefac0b7f919ede18d8d9597b1c0,Trump,Negative
785449586810769408,3e4926039b55bcd7f2182ee1c9234fd9458adefac0b7f919ede18d8d9597b1c0,Trump,Negative
812420359706341376,3e4926039b55bcd7f2182ee1c9234fd9458adefac0b7f919ede18d8d9597b1c0,Trump,Negative
811187993427984384,3e4926039b55bcd7f2182ee1c9234fd9458adefac0b7f919ede18d8d9597b1c0,Trump,Negative
784306452051570688,3e4926039b55bcd7f2182ee1c9234fd9458adefac0b7f919ede18d8d9597b1c0,Trump,Negative
799188401010475009,3e4926039b55bcd7f2182ee1c9234fd9458adefac0b7f919ede18d8d9597b1c0,Clinton,Negative
788814257534164997,3e4926039b55bcd7f2182ee1c9234fd9458adefac0b7f919ede18d8d9597b1c0,Trump,Negative
788906185428721664,3e4926039b55bcd7f2182ee1c9234fd9458adefac0b7f919ede18d8d9597b1c0,Trump,Negative
796276465041960960,3e4926039b55bcd7f2182ee1c9234fd9458adefac0b7f919ede18d8d9597b1c0,Clinton,Negative
818334290048118785,3e4926039b55bcd7f2182ee1c9234fd9458adefac0b7f919ede18d8d9597b1c0,Trump,Positive
795611033574445056,3e4926039b55bcd7f2182ee1c9234fd9458adefac0b7f919ede18d8d9597b1c0,Trump,Positive
771374075197480960,3e4926039b55bcd7f2182ee1c9234fd9458adefac0b7f919ede18d8d9597b1c0,Trump,Negative
786447471870222336,3e4926039b55bcd7f2182ee1c9234fd9458adefac0b7f919ede18d8d9597b1c0,Trump,Negative
789059893894479872,3e4926039b55bcd7f2182ee1c9234fd9458adefac0b7f919ede18d8d9597b1c0,Trump,Positive
784046487500050432,3e4926039b55bcd7f2182ee1c9234fd9458adefac0b7f919ede18d8d9597b1c0,Trump,Negative
784010644588666880,3e4926039b55bcd7f2182ee1c9234fd9458adefac0b7f919ede18d8d9597b1c0,Trump,Neutral
810584250219200512,3e4926039b55bcd7f2182ee1c9234fd9458adefac0b7f919ede18d8d9597b1c0,Trump,Negative
803940993062109184,3e4926039b55bcd7f2182ee1c9234fd9458adefac0b7f919ede18d8d9597b1c0,Trump,Positive
799699324317958144,3e4926039b55bcd7f2182ee1c9234fd9458adefac0b7f919ede18d8d9597b1c0,Trump,Neutral
785894284838830080,3e4926039b55bcd7f2182ee1c9234fd9458adefac0b7f919ede18d8d9597b1c0,Trump,Negative
796767657139863553,3e4926039b55bcd7f2182ee1c9234fd9458adefac0b7f919ede18d8d9597b1c0,Trump,Neutral
791061082249068544,3e4926039b55bcd7f2182ee1c9234fd9458adefac0b7f919ede18d8d9597b1c0,Trump,Neutral
700221660675317760,3e4926039b55bcd7f2182ee1c9234fd9458adefac0b7f919ede18d8d9597b1c0,Trump,Positive
798370994041843713,3e4926039b55bcd7f2182ee1c9234fd9458adefac0b7f919ede18d8d9597b1c0,Trump,Positive
792154775248785408,3e4926039b55bcd7f2182ee1c9234fd9458adefac0b7f919ede18d8d9597b1c0,Clinton,Neutral
784027215017177088,3e4926039b55bcd7f2182ee1c9234fd9458adefac0b7f919ede18d8d9597b1c0,Trump,Negative
799591015292145664,3e4926039b55bcd7f2182ee1c9234fd9458adefac0b7f919ede18d8d9597b1c0,Trump,Negative
818095282386771968,3e4926039b55bcd7f2182ee1c9234fd9458adefac0b7f919ede18d8d9597b1c0,Trump,Negative
784152894824128512,3e4926039b55bcd7f2182ee1c9234fd9458adefac0b7f919ede18d8d9597b1c0,Trump,Negative
788030692697313281,3e4926039b55bcd7f2182ee1c9234fd9458adefac0b7f919ede18d8d9597b1c0,Trump,Negative
784804081848188928,3e4926039b55bcd7f2182ee1c9234fd9458adefac0b7f919ede18d8d9597b1c0,Clinton,Positive
807247544023715841,3e4926039b55bcd7f2182ee1c9234fd9458adefac0b7f919ede18d8d9597b1c0,Trump,Negative
745288343425003520,3e4926039b55bcd7f2182ee1c9234fd9458adefac0b7f919ede18d8d9597b1c0,Trump,Negative
799281013570605056,3e4926039b55bcd7f2182ee1c9234fd9458adefac0b7f919ede18d8d9597b1c0,Trump,Negative
798555457535127552,3e4926039b55bcd7f2182ee1c9234fd9458adefac0b7f919ede18d8d9597b1c0,Trump,Negative
784027250199031808,3e4926039b55bcd7f2182ee1c9234fd9458adefac0b7f919ede18d8d9597b1c0,Trump,Positive
769546677547966464,3e4926039b55bcd7f2182ee1c9234fd9458adefac0b7f919ede18d8d9597b1c0,Trump,Positive
785930764537823232,3e4926039b55bcd7f2182ee1c9234fd9458adefac0b7f919ede18d8d9597b1c0,Trump,Neutral
798895509968711680,3e4926039b55bcd7f2182ee1c9234fd9458adefac0b7f919ede18d8d9597b1c0,Trump,Negative
798463081454206978,3e4926039b55bcd7f2182ee1c9234fd9458adefac0b7f919ede18d8d9597b1c0,Trump,Positive
800996813788553216,3e4926039b55bcd7f2182ee1c9234fd9458adefac0b7f919ede18d8d9597b1c0,Trump,Positive
799714610861330432,3e4926039b55bcd7f2182ee1c9234fd9458adefac0b7f919ede18d8d9597b1c0,Trump,Negative
820360916592164865,3e4926039b55bcd7f2182ee1c9234fd9458adefac0b7f919ede18d8d9597b1c0,Trump,Negative
806029029044322304,3e4926039b55bcd7f2182ee1c9234fd9458adefac0b7f919ede18d8d9597b1c0,Trump,Neutral
795673263926034432,3e4926039b55bcd7f2182ee1c9234fd9458adefac0b7f919ede18d8d9597b1c0,Trump,Neutral
812343337546039296,3e4926039b55bcd7f2182ee1c9234fd9458adefac0b7f919ede18d8d9597b1c0,Trump,Negative
733687273611505664,3e4926039b55bcd7f2182ee1c9234fd9458adefac0b7f919ede18d8d9597b1c0,Trump,Neutral
785418900066406400,3e4926039b55bcd7f2182ee1c9234fd9458adefac0b7f919ede18d8d9597b1c0,Trump,Positive
785280488114126848,3e4926039b55bcd7f2182ee1c9234fd9458adefac0b7f919ede18d8d9597b1c0,Clinton,Neutral
800750425788088320,3e4926039b55bcd7f2182ee1c9234fd9458adefac0b7f919ede18d8d9597b1c0,Trump,Neutral
784029679187398662,3e4926039b55bcd7f2182ee1c9234fd9458adefac0b7f919ede18d8d9597b1c0,Trump,Negative
785249770122117120,3e4926039b55bcd7f2182ee1c9234fd9458adefac0b7f919ede18d8d9597b1c0,Trump,Positive
796337070738407424,3e4926039b55bcd7f2182ee1c9234fd9458adefac0b7f919ede18d8d9597b1c0,Clinton,Positive
787307697599373318,3e4926039b55bcd7f2182ee1c9234fd9458adefac0b7f919ede18d8d9597b1c0,Trump,Negative
791045698221289473,3e4926039b55bcd7f2182ee1c9234fd9458adefac0b7f919ede18d8d9597b1c0,Trump,Neutral
820021648468439041,3e4926039b55bcd7f2182ee1c9234fd9458adefac0b7f919ede18d8d9597b1c0,Trump,Negative
799930770500554752,3e4926039b55bcd7f2182ee1c9234fd9458adefac0b7f919ede18d8d9597b1c0,Trump,Positive
800193502965628929,3e4926039b55bcd7f2182ee1c9234fd9458adefac0b7f919ede18d8d9597b1c0,Trump,Positive
805057313270796288,3e4926039b55bcd7f2182ee1c9234fd9458adefac0b7f919ede18d8d9597b1c0,Trump,Negative
800255771573260289,3e4926039b55bcd7f2182ee1c9234fd9458adefac0b7f919ede18d8d9597b1c0,Trump,Negative
798092907265818624,3e4926039b55bcd7f2182ee1c9234fd9458adefac0b7f919ede18d8d9597b1c0,Trump,Positive
788967754825162752,3e4926039b55bcd7f2182ee1c9234fd9458adefac0b7f919ede18d8d9597b1c0,Trump,Positive
798077539294072832,3e4926039b55bcd7f2182ee1c9234fd9458adefac0b7f919ede18d8d9597b1c0,Trump,Negative
804495882271989760,3e4926039b55bcd7f2182ee1c9234fd9458adefac0b7f919ede18d8d9597b1c0,Trump,Negative
785065805872558080,3e4926039b55bcd7f2182ee1c9234fd9458adefac0b7f919ede18d8d9597b1c0,Trump,Negative
787214952453009408,3e4926039b55bcd7f2182ee1c9234fd9458adefac0b7f919ede18d8d9597b1c0,Trump,Positive
674395499382706176,3e4926039b55bcd7f2182ee1c9234fd9458adefac0b7f919ede18d8d9597b1c0,Trump,Neutral
743845722055905280,3e4926039b55bcd7f2182ee1c9234fd9458adefac0b7f919ede18d8d9597b1c0,Trump,Negative
816025865373057024,3e4926039b55bcd7f2182ee1c9234fd9458adefac0b7f919ede18d8d9597b1c0,Trump,Negative
786355400123691014,3e4926039b55bcd7f2182ee1c9234fd9458adefac0b7f919ede18d8d9597b1c0,Trump,Negative
789720715599552512,3e4926039b55bcd7f2182ee1c9234fd9458adefac0b7f919ede18d8d9597b1c0,Trump,Positive
809273433922093058,3e4926039b55bcd7f2182ee1c9234fd9458adefac0b7f919ede18d8d9597b1c0,Trump,Positive
784619867538329600,3e4926039b55bcd7f2182ee1c9234fd9458adefac0b7f919ede18d8d9597b1c0,Trump,Positive
807612234528620544,3e4926039b55bcd7f2182ee1c9234fd9458adefac0b7f919ede18d8d9597b1c0,Trump,Negative
798231663214030848,3e4926039b55bcd7f2182ee1c9234fd9458adefac0b7f919ede18d8d9597b1c0,Trump,Negative
784665939207868416,3e4926039b55bcd7f2182ee1c9234fd9458adefac0b7f919ede18d8d9597b1c0,Trump,Positive
811913038232256512,3e4926039b55bcd7f2182ee1c9234fd9458adefac0b7f919ede18d8d9597b1c0,Trump,Positive
792448708650659840,3e4926039b55bcd7f2182ee1c9234fd9458adefac0b7f919ede18d8d9597b1c0,Trump,Positive
808654774526681088,3e4926039b55bcd7f2182ee1c9234fd9458adefac0b7f919ede18d8d9597b1c0,Trump,Positive
787399202179604480,3e4926039b55bcd7f2182ee1c9234fd9458adefac0b7f919ede18d8d9597b1c0,Trump,Neutral
748186633149747200,3e4926039b55bcd7f2182ee1c9234fd9458adefac0b7f919ede18d8d9597b1c0,Trump,Negative
803925637551587329,3e4926039b55bcd7f2182ee1c9234fd9458adefac0b7f919ede18d8d9597b1c0,Trump,Negative
809550707258982400,3e4926039b55bcd7f2182ee1c9234fd9458adefac0b7f919ede18d8d9597b1c0,Trump,Positive
808500784379858946,3e4926039b55bcd7f2182ee1c9234fd9458adefac0b7f919ede18d8d9597b1c0,Trump,Negative
799435722012983297,3e4926039b55bcd7f2182ee1c9234fd9458adefac0b7f919ede18d8d9597b1c0,Trump,Negative
788952418256060416,3e4926039b55bcd7f2182ee1c9234fd9458adefac0b7f919ede18d8d9597b1c0,Trump,Negative
817755539790790656,3e4926039b55bcd7f2182ee1c9234fd9458adefac0b7f919ede18d8d9597b1c0,Trump,Positive
785971021551546368,3e4926039b55bcd7f2182ee1c9234fd9458adefac0b7f919ede18d8d9597b1c0,Clinton,Negative
796706806949179392,3e4926039b55bcd7f2182ee1c9234fd9458adefac0b7f919ede18d8d9597b1c0,Trump,Negative
797799894924873728,3e4926039b55bcd7f2182ee1c9234fd9458adefac0b7f919ede18d8d9597b1c0,Trump,Positive
787214971570642945,3e4926039b55bcd7f2182ee1c9234fd9458adefac0b7f919ede18d8d9597b1c0,Trump,Negative
813643413287567360,3e4926039b55bcd7f2182ee1c9234fd9458adefac0b7f919ede18d8d9597b1c0,Trump,Positive
802343477057036288,3e4926039b55bcd7f2182ee1c9234fd9458adefac0b7f919ede18d8d9597b1c0,Trump,Neutral
800302704442638336,3e4926039b55bcd7f2182ee1c9234fd9458adefac0b7f919ede18d8d9597b1c0,Trump,Negative
784215564181012482,3e4926039b55bcd7f2182ee1c9234fd9458adefac0b7f919ede18d8d9597b1c0,Trump,Positive
788860077998481416,3e4926039b55bcd7f2182ee1c9234fd9458adefac0b7f919ede18d8d9597b1c0,Trump,Negative
813255098151354369,3e4926039b55bcd7f2182ee1c9234fd9458adefac0b7f919ede18d8d9597b1c0,Trump,Neutral
790798318427316224,3e4926039b55bcd7f2182ee1c9234fd9458adefac0b7f919ede18d8d9597b1c0,Trump,Negative
671508362434080768,3e4926039b55bcd7f2182ee1c9234fd9458adefac0b7f919ede18d8d9597b1c0,Trump,Negative
810476525741023233,3e4926039b55bcd7f2182ee1c9234fd9458adefac0b7f919ede18d8d9597b1c0,Trump,Positive
798662898528686080,3e4926039b55bcd7f2182ee1c9234fd9458adefac0b7f919ede18d8d9597b1c0,Trump,Positive
787368461836152832,3e4926039b55bcd7f2182ee1c9234fd9458adefac0b7f919ede18d8d9597b1c0,Clinton,Negative
804079850323644416,3e4926039b55bcd7f2182ee1c9234fd9458adefac0b7f919ede18d8d9597b1c0,Trump,Positive
798200349752512512,3e4926039b55bcd7f2182ee1c9234fd9458adefac0b7f919ede18d8d9597b1c0,Trump,Negative
784912279808700416,3e4926039b55bcd7f2182ee1c9234fd9458adefac0b7f919ede18d8d9597b1c0,Trump,Neutral
797507201862602752,3e4926039b55bcd7f2182ee1c9234fd9458adefac0b7f919ede18d8d9597b1c0,Trump,Negative
795935959506448384,3e4926039b55bcd7f2182ee1c9234fd9458adefac0b7f919ede18d8d9597b1c0,Trump,Positive
787984543949131776,3e4926039b55bcd7f2182ee1c9234fd9458adefac0b7f919ede18d8d9597b1c0,Trump,Positive
811959062707503104,3e4926039b55bcd7f2182ee1c9234fd9458adefac0b7f919ede18d8d9597b1c0,Trump,Positive
784012486043283457,3e4926039b55bcd7f2182ee1c9234fd9458adefac0b7f919ede18d8d9597b1c0,Trump,Neutral
787307678783635456,3e4926039b55bcd7f2182ee1c9234fd9458adefac0b7f919ede18d8d9597b1c0,Trump,Negative
818633525259804673,3e4926039b55bcd7f2182ee1c9234fd9458adefac0b7f919ede18d8d9597b1c0,Trump,Positive
785931739046748160,3e4926039b55bcd7f2182ee1c9234fd9458adefac0b7f919ede18d8d9597b1c0,Trump,Negative
797630126951464961,3e4926039b55bcd7f2182ee1c9234fd9458adefac0b7f919ede18d8d9597b1c0,Trump,Negative
785096526062202880,3e4926039b55bcd7f2182ee1c9234fd9458adefac0b7f919ede18d8d9597b1c0,Trump,Positive
810754366986719232,3e4926039b55bcd7f2182ee1c9234fd9458adefac0b7f919ede18d8d9597b1c0,Trump,Negative
785802181882486784,3e4926039b55bcd7f2182ee1c9234fd9458adefac0b7f919ede18d8d9597b1c0,Trump,Neutral
810029605658775553,3e4926039b55bcd7f2182ee1c9234fd9458adefac0b7f919ede18d8d9597b1c0,Trump,Positive
784118818914177024,3e4926039b55bcd7f2182ee1c9234fd9458adefac0b7f919ede18d8d9597b1c0,Trump,Neutral
784835055759740928,3e4926039b55bcd7f2182ee1c9234fd9458adefac0b7f919ede18d8d9597b1c0,Clinton,Negative
799606616567975936,3e4926039b55bcd7f2182ee1c9234fd9458adefac0b7f919ede18d8d9597b1c0,Trump,Negative
813690000822964225,3e4926039b55bcd7f2182ee1c9234fd9458adefac0b7f919ede18d8d9597b1c0,Trump,Positive
820852883654643712,3e4926039b55bcd7f2182ee1c9234fd9458adefac0b7f919ede18d8d9597b1c0,Trump,Negative
793649105360850945,3e4926039b55bcd7f2182ee1c9234fd9458adefac0b7f919ede18d8d9597b1c0,Clinton,Positive
782773704329748480,3e4926039b55bcd7f2182ee1c9234fd9458adefac0b7f919ede18d8d9597b1c0,Trump,Positive
811342140433281025,3e4926039b55bcd7f2182ee1c9234fd9458adefac0b7f919ede18d8d9597b1c0,Trump,Negative
784804099141279744,3e4926039b55bcd7f2182ee1c9234fd9458adefac0b7f919ede18d8d9597b1c0,Trump,Negative
784136805201305600,3e4926039b55bcd7f2182ee1c9234fd9458adefac0b7f919ede18d8d9597b1c0,Trump,Neutral
819034261722435586,3e4926039b55bcd7f2182ee1c9234fd9458adefac0b7f919ede18d8d9597b1c0,Trump,Negative
786938666971037696,3e4926039b55bcd7f2182ee1c9234fd9458adefac0b7f919ede18d8d9597b1c0,Trump,Positive
802217828023697408,3e4926039b55bcd7f2182ee1c9234fd9458adefac0b7f919ede18d8d9597b1c0,Trump,Neutral
818510224982233089,3e4926039b55bcd7f2182ee1c9234fd9458adefac0b7f919ede18d8d9597b1c0,Trump,Neutral
789521250229981184,3e4926039b55bcd7f2182ee1c9234fd9458adefac0b7f919ede18d8d9597b1c0,Trump,Positive
786969369494560768,3e4926039b55bcd7f2182ee1c9234fd9458adefac0b7f919ede18d8d9597b1c0,Trump,Negative
784136823366758404,3e4926039b55bcd7f2182ee1c9234fd9458adefac0b7f919ede18d8d9597b1c0,Trump,Negative
740579107453476865,3e4926039b55bcd7f2182ee1c9234fd9458adefac0b7f919ede18d8d9597b1c0,Trump,Negative
798740443647381504,3e4926039b55bcd7f2182ee1c9234fd9458adefac0b7f919ede18d8d9597b1c0,Trump,Negative
809381322602987520,3e4926039b55bcd7f2182ee1c9234fd9458adefac0b7f919ede18d8d9597b1c0,Trump,Negative
785096492327571456,3e4926039b55bcd7f2182ee1c9234fd9458adefac0b7f919ede18d8d9597b1c0,Trump,Positive
783996885216337921,3e4926039b55bcd7f2182ee1c9234fd9458adefac0b7f919ede18d8d9597b1c0,Trump,Negative
799188382794579970,3e4926039b55bcd7f2182ee1c9234fd9458adefac0b7f919ede18d8d9597b1c0,Trump,Negative
788184127321337861,3e4926039b55bcd7f2182ee1c9234fd9458adefac0b7f919ede18d8d9597b1c0,Trump,Negative
784151589833539584,3e4926039b55bcd7f2182ee1c9234fd9458adefac0b7f919ede18d8d9597b1c0,Trump,Negative
799311999918342144,3e4926039b55bcd7f2182ee1c9234fd9458adefac0b7f919ede18d8d9597b1c0,Trump,Negative
810060272425664512,3e4926039b55bcd7f2182ee1c9234fd9458adefac0b7f919ede18d8d9597b1c0,Trump,Negative
817385550319591424,3e4926039b55bcd7f2182ee1c9234fd9458adefac0b7f919ede18d8d9597b1c0,Trump,Positive
804449804109553664,3e4926039b55bcd7f2182ee1c9234fd9458adefac0b7f919ede18d8d9597b1c0,Trump,Negative
784214877615239168,3e4926039b55bcd7f2182ee1c9234fd9458adefac0b7f919ede18d8d9597b1c0,Trump,Negative
789105681290764289,3e4926039b55bcd7f2182ee1c9234fd9458adefac0b7f919ede18d8d9597b1c0,Trump,Positive
805792847869935618,3e4926039b55bcd7f2182ee1c9234fd9458adefac0b7f919ede18d8d9597b1c0,Trump,Neutral
809628171658297348,3e4926039b55bcd7f2182ee1c9234fd9458adefac0b7f919ede18d8d9597b1c0,Trump,Negative
784135369205936128,3e4926039b55bcd7f2182ee1c9234fd9458adefac0b7f919ede18d8d9597b1c0,Trump,Negative
798879578311770113,3e4926039b55bcd7f2182ee1c9234fd9458adefac0b7f919ede18d8d9597b1c0,Trump,Positive
714818035593453569,3e4926039b55bcd7f2182ee1c9234fd9458adefac0b7f919ede18d8d9597b1c0,Trump,Negative
805405629250760704,3e4926039b55bcd7f2182ee1c9234fd9458adefac0b7f919ede18d8d9597b1c0,Trump,Neutral
799157694699606016,3e4926039b55bcd7f2182ee1c9234fd9458adefac0b7f919ede18d8d9597b1c0,Trump,Positive
809814048023990272,3e4926039b55bcd7f2182ee1c9234fd9458adefac0b7f919ede18d8d9597b1c0,Trump,Positive
789413332100886529,3e4926039b55bcd7f2182ee1c9234fd9458adefac0b7f919ede18d8d9597b1c0,Trump,Negative
819219236170190849,3e4926039b55bcd7f2182ee1c9234fd9458adefac0b7f919ede18d8d9597b1c0,Trump,Positive
730906825806110720,3e4926039b55bcd7f2182ee1c9234fd9458adefac0b7f919ede18d8d9597b1c0,Trump,Positive
786569739870941190,3e4926039b55bcd7f2182ee1c9234fd9458adefac0b7f919ede18d8d9597b1c0,Trump,Negative
818479302534688768,3e4926039b55bcd7f2182ee1c9234fd9458adefac0b7f919ede18d8d9597b1c0,Trump,Negative
818079900091449345,3e4926039b55bcd7f2182ee1c9234fd9458adefac0b7f919ede18d8d9597b1c0,Trump,Negative
796399302675288064,3e4926039b55bcd7f2182ee1c9234fd9458adefac0b7f919ede18d8d9597b1c0,Trump,Negative
817554367914110977,3e4926039b55bcd7f2182ee1c9234fd9458adefac0b7f919ede18d8d9597b1c0,Trump,Positive
798555475738509313,3e4926039b55bcd7f2182ee1c9234fd9458adefac0b7f919ede18d8d9597b1c0,Trump,Neutral
810801029247803392,3e4926039b55bcd7f2182ee1c9234fd9458adefac0b7f919ede18d8d9597b1c0,Trump,Neutral
800996797409701888,3e4926039b55bcd7f2182ee1c9234fd9458adefac0b7f919ede18d8d9597b1c0,Trump,Positive
788491495867232256,3e4926039b55bcd7f2182ee1c9234fd9458adefac0b7f919ede18d8d9597b1c0,Trump,Neutral
799126825918169088,3e4926039b55bcd7f2182ee1c9234fd9458adefac0b7f919ede18d8d9597b1c0,Trump,Negative
784727345785483264,3e4926039b55bcd7f2182ee1c9234fd9458adefac0b7f919ede18d8d9597b1c0,Trump,Positive
803354352966635520,3e4926039b55bcd7f2182ee1c9234fd9458adefac0b7f919ede18d8d9597b1c0,Trump,Negative
799018457778049025,3e4926039b55bcd7f2182ee1c9234fd9458adefac0b7f919ede18d8d9597b1c0,Trump,Negative
771012720921571328,3e4926039b55bcd7f2182ee1c9234fd9458adefac0b7f919ede18d8d9597b1c0,Trump,Negative
784497495506292737,3e4926039b55bcd7f2182ee1c9234fd9458adefac0b7f919ede18d8d9597b1c0,Trump,Negative
790583149956849664,3e4926039b55bcd7f2182ee1c9234fd9458adefac0b7f919ede18d8d9597b1c0,Trump,Positive
787077080592871424,3e4926039b55bcd7f2182ee1c9234fd9458adefac0b7f919ede18d8d9597b1c0,Trump,Positive
809906598466490368,3e4926039b55bcd7f2182ee1c9234fd9458adefac0b7f919ede18d8d9597b1c0,Trump,Positive
807658964401852416,3e4926039b55bcd7f2182ee1c9234fd9458adefac0b7f919ede18d8d9597b1c0,Trump,Negative
803741155301068800,3e4926039b55bcd7f2182ee1c9234fd9458adefac0b7f919ede18d8d9597b1c0,Trump,Negative
799528603587411969,3e4926039b55bcd7f2182ee1c9234fd9458adefac0b7f919ede18d8d9597b1c0,Trump,Positive
787107853878394880,3e4926039b55bcd7f2182ee1c9234fd9458adefac0b7f919ede18d8d9597b1c0,Trump,Negative
785932028424261636,3e4926039b55bcd7f2182ee1c9234fd9458adefac0b7f919ede18d8d9597b1c0,Trump,Negative
765211291770290176,3e4926039b55bcd7f2182ee1c9234fd9458adefac0b7f919ede18d8d9597b1c0,Trump,Positive
798616966009262081,3e4926039b55bcd7f2182ee1c9234fd9458adefac0b7f919ede18d8d9597b1c0,Trump,Positive
809690080277397504,3e4926039b55bcd7f2182ee1c9234fd9458adefac0b7f919ede18d8d9597b1c0,Clinton,Positive
785931721229406208,3e4926039b55bcd7f2182ee1c9234fd9458adefac0b7f919ede18d8d9597b1c0,Trump,Positive
785931110098141184,3e4926039b55bcd7f2182ee1c9234fd9458adefac0b7f919ede18d8d9597b1c0,Trump,Neutral
788522063736762368,3e4926039b55bcd7f2182ee1c9234fd9458adefac0b7f919ede18d8d9597b1c0,Clinton,Negative
798447745547862016,3e4926039b55bcd7f2182ee1c9234fd9458adefac0b7f919ede18d8d9597b1c0,Trump,Neutral
805313073691193344,3e4926039b55bcd7f2182ee1c9234fd9458adefac0b7f919ede18d8d9597b1c0,Trump,Neutral
793480008069242882,3e4926039b55bcd7f2182ee1c9234fd9458adefac0b7f919ede18d8d9597b1c0,Trump,Negative
